"Transaction Hash","Blockno","UnixTimestamp","DateTime (UTC+9)","From","To","ContractAddress","Value_IN(ETH)","Value_OUT(ETH)","CurrentValue @ $2044.68982132752/Eth","TxnFee(ETH)","TxnFee(USD)","Historical $Price/Eth","Status","ErrCode","Method"
"0x172820f5a9821e472ded75fa8bc147445abdfe7363970d6199e9c6e885df948b","24449026","1770999755","2026-02-14 01:22:35","0x545b7b7e9372ea6ddc805c0cdee3025eee1880b1","0xdac17f958d2ee523a2206206994597c13d831ec7","","0","0","0","0.00004929366","0.10079024485798","2047.65","","","Transfer"
"0x83407b57e399c5d48540000c1d00e05fe543bfdac4201cbfe07315c0cd24c4f1","24449144","1771001171","2026-02-14 01:46:11","0x545b7b7e9372ea6ddc805c0cdee3025eee1880b1","0xdac17f958d2ee523a2206206994597c13d831ec7","","0","0","0","0.00003475835","0.0710700444511394","2047.65","","","Transfer"
"0x2980f22c33d55290b94129b3d4e15ecacb5cf92aacfe1e47de86e2d0dd1f9f21","24449344","1771003595","2026-02-14 02:26:35","0x545b7b7e9372ea6ddc805c0cdee3025eee1880b1","0xdac17f958d2ee523a2206206994597c13d831ec7","","0","0","0","0.0000315985","0.0646091313192176","2047.65","","","Transfer"
"0xde4af52a0abf06b831b1519e3d6d72ab8bbcbecfaf33e88705a8ff2ec24a87a8","24449420","1771004519","2026-02-14 02:41:59","0x545b7b7e9372ea6ddc805c0cdee3025eee1880b1","0xdac17f958d2ee523a2206206994597c13d831ec7","","0","0","0","0.00001705589","0.0348740046766818","2047.65","","","Transfer"
"0x8255114e56142cc73755ac8105f1177b12d7566cf733c2d261a0fa1ee33aac02","24450111","1771012859","2026-02-14 05:00:59","0x545b7b7e9372ea6ddc805c0cdee3025eee1880b1","0xdac17f958d2ee523a2206206994597c13d831ec7","","0","0","0","0.00000568773","0.0116296436374592","2047.65","","","Transfer"
"0x2f3fc66e16cf57f0a61c24b1274b46d30f3bfed78c03546b28f7281bed180beb","24450487","1771017407","2026-02-14 06:16:47","0x545b7b7e9372ea6ddc805c0cdee3025eee1880b1","0xdac17f958d2ee523a2206206994597c13d831ec7","","0","0","0","0.00000695299","0.014216707880792","2047.65","","","Transfer"
"0x310fcb26cb708ca4d78fca003f8cd8f5b2b2ea4a7a2f09bbcf4f52d245985b62","24452618","1771043075","2026-02-14 13:24:35","0x545b7b7e9372ea6ddc805c0cdee3025eee1880b1","0xdac17f958d2ee523a2206206994597c13d831ec7","","0","0","0","0.00000505672","0.0103394239133033","2085.70","","","Transfer"
"0xe81bce36b5d058d2b6f94bdd6ceff8211e99ed25f5e871fd68f20775ba924e54","24452964","1771047239","2026-02-14 14:33:59","0x545b7b7e9372ea6ddc805c0cdee3025eee1880b1","0xdac17f958d2ee523a2206206994597c13d831ec7","","0","0","0","0.00000695299","0.014216707880792","2085.70","","","Transfer"
"0x5933b3d458d0de8c0617816b5185ea7d179512fa9dd26f862cc8746f9c011dca","24452984","1771047479","2026-02-14 14:37:59","0x545b7b7e9372ea6ddc805c0cdee3025eee1880b1","0xdac17f958d2ee523a2206206994597c13d831ec7","","0","0","0","0.00000568773","0.0116296436374592","2085.70","","","Transfer"
"0x22caf13d56fe5a688bb1bf1b75d5b670e40cf211e52a38c4962068ff6f6ddefb","24452986","1771047503","2026-02-14 14:38:23","0x1649f9f799203d04b968607cd5dfad59837dbf1d","0x545b7b7e9372ea6ddc805c0cdee3025eee1880b1","","0","0","0","0.00000115944108","0.00237069737470499","2085.70","","","Transfer"
"0xb7c45e374f2f5aa2f2f3ce8be482b4a1f52b484a0044822e0dd3ef879e8848c2","24453163","1771049627","2026-02-14 15:13:47","0x545b7b7e9372ea6ddc805c0cdee3025eee1880b1","0x1549927941b0690bbadcbfb84604830da917babc","","0","0","0","0.00000328083","0.00670827970650597","2085.70","","","Flush Tokens"
"0x29ace1ab528f9df52be334f8bf297654dd2150ba8f1d2a396ecb9be187f4659f","24453168","1771049687","2026-02-14 15:14:47","0x545b7b7e9372ea6ddc805c0cdee3025eee1880b1","0xdac17f958d2ee523a2206206994597c13d831ec7","","0","0","0","0.00000442379","0.00904527838469047","2085.70","","","Transfer"
"0x157003d2fc6519c58af1d33223a53cb5d5b0cf7846150ed1184476f416276eb2","24453170","1771049711","2026-02-14 15:15:11","0x545b7b7e9372ea6ddc805c0cdee3025eee1880b1","0x1549927941b0690bbadcbfb84604830da917babc","","0","0","0","0.0000028107","0.00574700968080526","2085.70","","","Flush Tokens"
"0xf9dad40dd3d77a0e575f73efe16d70ee992d018ed4aea0510705c64b6a0c54bf","24453321","1771051547","2026-02-14 15:45:47","0x545b7b7e9372ea6ddc805c0cdee3025eee1880b1","0xdac17f958d2ee523a2206206994597c13d831ec7","","0","0","0","0.00000442463","0.00904699592414038","2085.70","","","Transfer"
"0x68a806cb5ff6f296e6ed9937e619c886332eccad62e5ed6b0a0e547188cca446","24453324","1771051583","2026-02-14 15:46:23","0x846719d9c8d42440d5fcc008db21d53bb33b25cc","0x545b7b7e9372ea6ddc805c0cdee3025eee1880b1","","0","0","0","0.000000922383714","0.00188598859137407","2085.70","","","Transfer"
"0xcc268b22dfd3aa828fa7785b5ed26a40dde6f5a120431d42cd13f22d23f25875","24453330","1771051655","2026-02-14 15:47:35","0x545b7b7e9372ea6ddc805c0cdee3025eee1880b1","0xdac17f958d2ee523a2206206994597c13d831ec7","","0","0","0","0.00000442379","0.00904527838469047","2085.70","","","Transfer"
"0x2645fbaf1763346d0dfec0f6445c5b52047e2887a97413915b54c81ac7e5e999","24453333","1771051691","2026-02-14 15:48:11","0xa7f2cbe419f0ac0ab1a8a57da8201461a35c3410","0x545b7b7e9372ea6ddc805c0cdee3025eee1880b1","","0","0","0","0.000000894799143","0.00182958669982469","2085.70","","","Transfer"
"0x618dc7100b3ceed288b3b9fba64a053d225f47d8334c426044d8b6d344029bb6","24453376","1771052207","2026-02-14 15:56:47","0x545b7b7e9372ea6ddc805c0cdee3025eee1880b1","0xdac17f958d2ee523a2206206994597c13d831ec7","","0","0","0","0.00000322763","0.00659950220801134","2085.70","","","Transfer"
"0x3265ffee73f05c471b211d77029d3177a308b6ae8e418e4905e5e5adc536f5e7","24453379","1771052243","2026-02-14 15:57:23","0xa7f2cbe419f0ac0ab1a8a57da8201461a35c3410","0x545b7b7e9372ea6ddc805c0cdee3025eee1880b1","","0","0","0","0.000000924003864","0.0018893012955881","2085.70","","","Transfer"
"0x84f33c2aa79ad274c544c179819b245db7c908a81348e4527e72463bd069163a","24453444","1771053023","2026-02-14 16:10:23","0x545b7b7e9372ea6ddc805c0cdee3025eee1880b1","0x7436b343e2812ab117d5e48a4608301f320bc06b","","0","0","0","0.00000374856","0.00766464247663549","2085.70","","","Flush Tokens"
"0x5d746a5f7afa14b29bc5b553e7a0b02939c101b11662d5c37bd473fe93636180","24453447","1771053059","2026-02-14 16:10:59","0x545b7b7e9372ea6ddc805c0cdee3025eee1880b1","0x7436b343e2812ab117d5e48a4608301f320bc06b","","0","0","0","0.0000037476","0.00766267957440701","2085.70","","","Flush Tokens"
"0x71083745f91b5661b6403c0b950cb83626471a08c3262c0c3a2d3dbeba7a925b","24453476","1771053419","2026-02-14 16:16:59","0x545b7b7e9372ea6ddc805c0cdee3025eee1880b1","0x3a74119333a76a6fd5265227edf074546e1beef0","","0","0","0","0.00000374952","0.00766660537886396","2085.70","","","Flush Tokens"
"0xd72a5240d7be8fab65e3474bdcfa993164543ae86ea1e178c28f68100a795171","24453494","1771053635","2026-02-14 16:20:35","0x545b7b7e9372ea6ddc805c0cdee3025eee1880b1","0xdac17f958d2ee523a2206206994597c13d831ec7","","0","0","0","0.00000568881","0.0116318519024662","2085.70","","","Transfer"
"0x9db6a61afcf89c4d0de6669f7436f64bf02f16c167ef87fdb9693dcb4c6524d8","24453718","1771056323","2026-02-14 17:05:23","0x545b7b7e9372ea6ddc805c0cdee3025eee1880b1","0x7436b343e2812ab117d5e48a4608301f320bc06b","","0","0","0","0.00000421713","0.00862272278621492","2085.70","","","Flush Tokens"
"0x967dafa253725be542459e2c544036c303b7e3e1a6776f8c1fedd7f8116f100b","24453721","1771056359","2026-02-14 17:05:59","0x545b7b7e9372ea6ddc805c0cdee3025eee1880b1","0x7436b343e2812ab117d5e48a4608301f320bc06b","","0","0","0","0.0000037476","0.00766267957440701","2085.70","","","Flush Tokens"
"0xe3d71bf37c2ed6f8309b34fedb626eaf95d67a6664d27eea6813c843f7188c32","24453850","1771057907","2026-02-14 17:31:47","0x545b7b7e9372ea6ddc805c0cdee3025eee1880b1","0xdac17f958d2ee523a2206206994597c13d831ec7","","0","0","0","0.00000568773","0.0116296436374592","2085.70","","","Transfer"
"0x1285bbd185d8e7aeacd7d73eed26fc8cc15e882ee108f4cf1eab062011909fc6","24453912","1771058651","2026-02-14 17:44:11","0x545b7b7e9372ea6ddc805c0cdee3025eee1880b1","0xdac17f958d2ee523a2206206994597c13d831ec7","","0","0","0","0.00000695299","0.014216707880792","2085.70","","","Transfer"
"0x7a185e45f07b34ed94fb00b92445d0fca7e27f26b756e67a98b1e46dadb26817","24453952","1771059131","2026-02-14 17:52:11","0x545b7b7e9372ea6ddc805c0cdee3025eee1880b1","0xdac17f958d2ee523a2206206994597c13d831ec7","","0","0","0","0.00000758508","0.0155091358699549","2085.70","","","Transfer"
"0x7a69342be7b43fe37ac7fa43b1f27748b81d7e293c76a3f5fea7f658df7889b3","24453995","1771059647","2026-02-14 18:00:47","0x545b7b7e9372ea6ddc805c0cdee3025eee1880b1","0xdac17f958d2ee523a2206206994597c13d831ec7","","0","0","0","0.00000695299","0.014216707880792","2085.70","","","Transfer"
"0xaa6087acf19f85c4a05b14785edf369f3dd986e223abaa279102ffc79d9629de","24454034","1771060127","2026-02-14 18:08:47","0x545b7b7e9372ea6ddc805c0cdee3025eee1880b1","0xdac17f958d2ee523a2206206994597c13d831ec7","","0","0","0","0.00001074553","0.0219712758157695","2085.70","","","Transfer"
"0xcea937a5cccac58ce1b77919faad50d42e2c4b976e6e8999f0ac36bd940fcd9d","24454202","1771062143","2026-02-14 18:42:23","0x545b7b7e9372ea6ddc805c0cdee3025eee1880b1","0xdac17f958d2ee523a2206206994597c13d831ec7","","0","0","0","0.00000884926","0.0180939918482808","2085.70","","","Transfer"
"0x6ee4733d59d0a002e0d8c36c77dfbfcbefcf5f9d34bc8d4d8be6dd4a98bbe23b","24454490","1771065611","2026-02-14 19:40:11","0x545b7b7e9372ea6ddc805c0cdee3025eee1880b1","0xdac17f958d2ee523a2206206994597c13d831ec7","","0","0","0","0.00000442463","0.00904699592414038","2085.70","","","Transfer"
"0x4d8a5562a045d155869507ab80d3d7b6e8cee8d4d198ca49d0e91501b1d0fb89","24454496","1771065683","2026-02-14 19:41:23","0x4333bfe9ef362b6951f18913e670111483ba2fdf","0x545b7b7e9372ea6ddc805c0cdee3025eee1880b1","","0","0","0","0.000001123521546","0.00229725306914836","2085.70","","","Transfer"
"0x1514ca73656c9c74e6ea1013904d1a40083d224a0d76b0e868939f3667dd5ba6","24454500","1771065731","2026-02-14 19:42:11","0x545b7b7e9372ea6ddc805c0cdee3025eee1880b1","0xdac17f958d2ee523a2206206994597c13d831ec7","","0","0","0","0.00000442463","0.00904699592414038","2085.70","","","Transfer"
"0x424f38d841fcae26713655709e63f0623d8918d400fb10ea9dc18b0e41d1b5e0","24454505","1771065791","2026-02-14 19:43:11","0x545b7b7e9372ea6ddc805c0cdee3025eee1880b1","0xdac17f958d2ee523a2206206994597c13d831ec7","","0","0","0","0.00000505672","0.0103394239133033","2085.70","","","Transfer"
"0xcb139e512bdbb7772462e1252d0dce3ebf49c1b219d6b454f663f2eef6e433a4","24454688","1771067987","2026-02-14 20:19:47","0x545b7b7e9372ea6ddc805c0cdee3025eee1880b1","0xdac17f958d2ee523a2206206994597c13d831ec7","","0","0","0","0.00000505672","0.0103394239133033","2085.70","","","Transfer"
"0x456b880c1e2d7dfbef7a7f818c960b3d318150e2d0f3e621b35f322e40136be1","24454765","1771068911","2026-02-14 20:35:11","0x545b7b7e9372ea6ddc805c0cdee3025eee1880b1","0xdac17f958d2ee523a2206206994597c13d831ec7","","0","0","0","0.0000088459","0.0180871216904811","2085.70","","","Transfer"
"0xc6986c7e0a2eb5e75dbe750cea1ac9a682de4bfde0e951bb0affaeb2f75067b7","24455072","1771072607","2026-02-14 21:36:47","0x545b7b7e9372ea6ddc805c0cdee3025eee1880b1","0xdac17f958d2ee523a2206206994597c13d831ec7","","0","0","0","0.00000442295","0.00904356084524055","2085.70","","","Transfer"
"0x3756e47cbf9da3352b3a2001fc96b7ea8b9176fd221f6895b138c0b74c034933","24455080","1771072703","2026-02-14 21:38:23","0x1ed82182a3032a67b4a776476a0b539736da82d0","0x545b7b7e9372ea6ddc805c0cdee3025eee1880b1","","0","0","0","0.000000986659338","0.00201741230552635","2085.70","","","Transfer"
"0x0e975ec2c9a1e971c98a9cd216c5cb231a452c3828f74cdf580625eb481343ee","24455276","1771075055","2026-02-14 22:17:35","0x545b7b7e9372ea6ddc805c0cdee3025eee1880b1","0xd72bbd444419ea5858803e065cf81823c2705c46","","0","0","0","0.00000328083","0.00670827970650597","2085.70","","","Flush Tokens"
"0x1e3b3d9d510bca33c80916910854c89eb8eb501efd1d8aae051644790f0b9ac1","24456439","1771089059","2026-02-15 02:10:59","0x545b7b7e9372ea6ddc805c0cdee3025eee1880b1","0xdac17f958d2ee523a2206206994597c13d831ec7","","0","0","0","0.00000758508","0.0155091358699549","2085.70","","","Transfer"
"0x3cdd8a946a83ccb1e2fc12fe472f241757859583d31a00bbfa3a2816c0a0b350","24458739","1771116791","2026-02-15 09:53:11","0x545b7b7e9372ea6ddc805c0cdee3025eee1880b1","0xd72bbd444419ea5858803e065cf81823c2705c46","","0","0","0","0.00000234345","0.00479162836178998","1965.61","","","Flush Tokens"
"0x0f94a64597fbe2dd88bfc72f0abee4e6c3981ba9d1d81db7e8a009b212a1bacc","24459001","1771119947","2026-02-15 10:45:47","0x545b7b7e9372ea6ddc805c0cdee3025eee1880b1","0xdac17f958d2ee523a2206206994597c13d831ec7","","0","0","0","0.00000568881","0.0116318519024662","1965.61","","","Transfer"
"0x283307293f199f233810ce704709fcd74f537f01420575e92c5ea8b757fa6767","24459102","1771121159","2026-02-15 11:05:59","0x545b7b7e9372ea6ddc805c0cdee3025eee1880b1","0xdac17f958d2ee523a2206206994597c13d831ec7","","0","0","0","0.00000442463","0.00904699592414038","1965.61","","","Transfer"
"0x07dcb5299d70970af30d5d10885369f7aff78d4a0f81822a217c5c4352582537","24459117","1771121339","2026-02-15 11:08:59","0x545b7b7e9372ea6ddc805c0cdee3025eee1880b1","0xdac17f958d2ee523a2206206994597c13d831ec7","","0","0","0","0.00000505672","0.0103394239133033","1965.61","","","Transfer"
"0x31eb67cd3d123e43161af78bb2d56aa3cc51d8d0724c8fe8390ab9cd9279f9e6","24459119","1771121363","2026-02-15 11:09:23","0x545b7b7e9372ea6ddc805c0cdee3025eee1880b1","0xdac17f958d2ee523a2206206994597c13d831ec7","","0","0","0","0.00000322763","0.00659950220801134","1965.61","","","Transfer"
"0x3c181a4aa081533cda75035ed6557a9c8fe37041449fc7dda5dfd28ae43e078f","24459223","1771122623","2026-02-15 11:30:23","0x545b7b7e9372ea6ddc805c0cdee3025eee1880b1","0xdac17f958d2ee523a2206206994597c13d831ec7","","0","0","0","0.00000316045","0.00646213994581456","1965.61","","","Transfer"
"0x04d9e6fa2626ed642b0aca4ab17439f73406e4992d9eb5c946d2839f31e92258","24459513","1771126103","2026-02-15 12:28:23","0x545b7b7e9372ea6ddc805c0cdee3025eee1880b1","0xdac17f958d2ee523a2206206994597c13d831ec7","","0","0","0","0.00000379182","0.00775309575830612","1965.61","","","Transfer"
"0x7381f9654c3831f244d6c8d32b4f6c54aa88f75b44ecaa6844ac83fed9685360","24459516","1771126139","2026-02-15 12:28:59","0xa7f2cbe419f0ac0ab1a8a57da8201461a35c3410","0x545b7b7e9372ea6ddc805c0cdee3025eee1880b1","","0","0","0","0.000000884698248","0.00180893350263189","1965.61","","","Transfer"
"0x43ca1e350cc00ab6c039df5c40c5cb9fb08a1718602f7c48be35104ec04f731b","24459522","1771126223","2026-02-15 12:30:23","0x545b7b7e9372ea6ddc805c0cdee3025eee1880b1","0xdac17f958d2ee523a2206206994597c13d831ec7","","0","0","0","0.00000230545","0.00471393014857953","1965.61","","","Transfer"
"0x02eeedc04465509c1c483dfce78e107072fd2111d01a4fb3b4d6e77c06f37b00","24459524","1771126247","2026-02-15 12:30:47","0xa7f2cbe419f0ac0ab1a8a57da8201461a35c3410","0x545b7b7e9372ea6ddc805c0cdee3025eee1880b1","","0","0","0","0.000000981073212","0.0020059904105535","1965.61","","","Transfer"
"0x9091a61ec412af55f432c304b31729448dc99e6b1869162ef2813d4a0afbee72","24459674","1771128059","2026-02-15 13:00:59","0x545b7b7e9372ea6ddc805c0cdee3025eee1880b1","0xdac17f958d2ee523a2206206994597c13d831ec7","","0","0","0","0.00000379182","0.00775309575830612","1965.61","","","Transfer"
"0xfc4819a66978a4c8f93d70391d8b1c3c8da3307db3a82719ed9e589d6081fd8c","24459677","1771128095","2026-02-15 13:01:35","0xa7f2cbe419f0ac0ab1a8a57da8201461a35c3410","0x545b7b7e9372ea6ddc805c0cdee3025eee1880b1","","0","0","0","0.00000092783859","0.00189714212080788","1965.61","","","Transfer"
"0x471050c873dbb9e6ff4d1e8f30860f48f2b89fdab8afda3a3392e0d051cedd31","24459807","1771129655","2026-02-15 13:27:35","0x545b7b7e9372ea6ddc805c0cdee3025eee1880b1","0xdac17f958d2ee523a2206206994597c13d831ec7","","0","0","0","0.00000379254","0.00775456793497747","1965.61","","","Transfer"
"0x9f419fccc437654a1f8aed1b74d005532c116f284cc0e867be6055845506a19f","24459809","1771129679","2026-02-15 13:27:59","0xa7f2cbe419f0ac0ab1a8a57da8201461a35c3410","0x545b7b7e9372ea6ddc805c0cdee3025eee1880b1","","0","0","0","0.000000836841726","0.00171108175921435","1965.61","","","Transfer"
"0x2159a7a8e86da425b0a7f6a3203cdb85062b03c625b4bcf0287effb2c9cace0f","24459817","1771129775","2026-02-15 13:29:35","0x545b7b7e9372ea6ddc805c0cdee3025eee1880b1","0xdac17f958d2ee523a2206206994597c13d831ec7","","0","0","0","0.00000276654","0.00565671617829544","1965.61","","","Transfer"
"0xcced54660db6a3913ce755d9ddcded7828489e27940e044059953b5a34fe407f","24459829","1771129919","2026-02-15 13:31:59","0xa7f2cbe419f0ac0ab1a8a57da8201461a35c3410","0x545b7b7e9372ea6ddc805c0cdee3025eee1880b1","","0","0","0","0.000000824901798","0.00168666830996537","1965.61","","","Transfer"
"0x53ee97b87cfac2b1b10bbf85b5e10622800ec3f34d7f7142f478316e264c4fc2","24459932","1771131155","2026-02-15 13:52:35","0x545b7b7e9372ea6ddc805c0cdee3025eee1880b1","0xdac17f958d2ee523a2206206994597c13d831ec7","","0","0","0","0.00000442463","0.00904699592414038","1965.61","","","Transfer"
"0xa8ab641f6c785b37cc3eba83859f7bad5692f48a869ef0b78804fe81be5514b8","24460033","1771132367","2026-02-15 14:12:47","0x545b7b7e9372ea6ddc805c0cdee3025eee1880b1","0xdac17f958d2ee523a2206206994597c13d831ec7","","0","0","0","0.00000379254","0.00775456793497747","1965.61","","","Transfer"
"0xb8cc1f99af45a152745aa70c002e6de151ed5420dc55941611eb8befcb3dd750","24460138","1771133627","2026-02-15 14:33:47","0x545b7b7e9372ea6ddc805c0cdee3025eee1880b1","0xd72bbd444419ea5858803e065cf81823c2705c46","","0","0","0","0.00000281214","0.00574995403414797","1965.61","","","Flush Tokens"
"0xbe6256069a691a9c11b039f59fc1c625f860235394e7ce114405ad693243bbb5","24461264","1771147175","2026-02-15 18:19:35","0x545b7b7e9372ea6ddc805c0cdee3025eee1880b1","0xdac17f958d2ee523a2206206994597c13d831ec7","","0","0","0","0.00000379254","0.00775456793497747","1965.61","","","Transfer"
"0x715eb7548ef3b1fa3576fbb29e80f2f45759a95dee1290dff729ee036b92e932","24461270","1771147247","2026-02-15 18:20:47","0xa7f2cbe419f0ac0ab1a8a57da8201461a35c3410","0x545b7b7e9372ea6ddc805c0cdee3025eee1880b1","","0","0","0","0.000000926426004","0.00189425382059193","1965.61","","","Transfer"
"0xe099155a0a36e2977a4c1cc0cb03d7642c57afdae9002f634fdc0fd269528e87","24461277","1771147331","2026-02-15 18:22:11","0x545b7b7e9372ea6ddc805c0cdee3025eee1880b1","0xf5fbd044c626caa7bff77c3a98ad94861b9e7992","","0","0","0","0.00000281214","0.00574995403414797","1965.61","","","Flush Tokens"
"0xef5023d1ba493499dae0705c7f80e275977f7ac4d3c50b6b286d8cb29fface1a","24461376","1771148531","2026-02-15 18:42:11","0x545b7b7e9372ea6ddc805c0cdee3025eee1880b1","0xf5fbd044c626caa7bff77c3a98ad94861b9e7992","","0","0","0","0.00000281214","0.00574995403414797","1965.61","","","Flush Tokens"
"0x41bc2d00de4b604d1d8db5c5c42e51db7e94f8b0eed59af7de85a606cf49db6b","24462125","1771157543","2026-02-15 21:12:23","0x545b7b7e9372ea6ddc805c0cdee3025eee1880b1","0x7436b343e2812ab117d5e48a4608301f320bc06b","","0","0","0","0.00000374952","0.00766660537886396","1965.61","","","Flush Tokens"
"0x6ed2bd7e22ffeec9ffd00e98795c0c0d37ebd0b453d74f5f56c6209d5e8ac685","24462129","1771157591","2026-02-15 21:13:11","0x545b7b7e9372ea6ddc805c0cdee3025eee1880b1","0x7436b343e2812ab117d5e48a4608301f320bc06b","","0","0","0","0.00000374664","0.00766071667217854","1965.61","","","Flush Tokens"
"0x8b0fbf7450b0730c6d81646b57e2ae087699377bcab758eb657a8b445569acce","24462459","1771161563","2026-02-15 22:19:23","0x545b7b7e9372ea6ddc805c0cdee3025eee1880b1","0x13b37243813e4a78a6e5c63a090913bbe1b175e2","","0","0","0","0.00000374856","0.00766464247663549","1965.61","","","Flush Tokens"
"0x82de50a4d40d7f1ba578c17fdf9deec8c61709f8f29723ad91fa7434b702e49d","24462861","1771166399","2026-02-15 23:39:59","0x545b7b7e9372ea6ddc805c0cdee3025eee1880b1","0xdac17f958d2ee523a2206206994597c13d831ec7","","0","0","0","0.00000442463","0.00904699592414038","1965.61","","","Transfer"
"0x74ad9c1459d09bb847330464292f8499deb9ca75f2d9c0355d346227e9b0285a","24463025","1771168379","2026-02-16 00:12:59","0x545b7b7e9372ea6ddc805c0cdee3025eee1880b1","0xfacc5f3c29322032af58bef36c819b30cb1eb175","","0","0","0","0.00000281142","0.00574848185747662","1965.61","","","Flush Tokens"
"0x49294daa305d7873c388cb6656528359dd008f93aae5dc4334fc79eae31a4b0b","24463303","1771171727","2026-02-16 01:08:47","0x545b7b7e9372ea6ddc805c0cdee3025eee1880b1","0xdac17f958d2ee523a2206206994597c13d831ec7","","0","0","0","0.00000442463","0.00904699592414038","1965.61","","","Transfer"
"0x4786055a996f865d279bedbb9d66cba0ed877a1fd7e77b98456a62c8ca2df685","24465172","1771194227","2026-02-16 07:23:47","0x545b7b7e9372ea6ddc805c0cdee3025eee1880b1","0xdac17f958d2ee523a2206206994597c13d831ec7","","0","0","0","0.00000379182","0.00775309575830612","1965.61","","","Transfer"
"0xb7af4a88792d476906433d6bdffa1c2497144a9dc537c9ca7b74989fad18e602","24465176","1771194275","2026-02-16 07:24:35","0x8585f631f4153f156854c144722180316c82c3a6","0x545b7b7e9372ea6ddc805c0cdee3025eee1880b1","","0","0","0","0.000000866081769","0.00177086857751163","1965.61","","","Transfer"
"0x7850e9e65157499855a6dead8e4d59c66130c32e698fcb1c23ec93fac824f098","24465224","1771194851","2026-02-16 07:34:11","0x545b7b7e9372ea6ddc805c0cdee3025eee1880b1","0xdac17f958d2ee523a2206206994597c13d831ec7","","0","0","0","0.00000276654","0.00565671617829544","1965.61","","","Transfer"
"0xf8d160ba7f14a7de97ed9a42571bbb1b42c5d53de8f980191e2846898c0d6303","24465230","1771194923","2026-02-16 07:35:23","0x8585f631f4153f156854c144722180316c82c3a6","0x545b7b7e9372ea6ddc805c0cdee3025eee1880b1","","0","0","0","0.000000852099171","0.00174227850170532","1965.61","","","Transfer"
"0xdeeed7592f574a327e35b884305de9badaaa7cc3b01e23c220a3a6abd1193742","24465653","1771199999","2026-02-16 08:59:59","0x545b7b7e9372ea6ddc805c0cdee3025eee1880b1","0xdac17f958d2ee523a2206206994597c13d831ec7","","0","0","0","0.00000379254","0.00775456793497747","1965.61","","","Transfer"
"0x41837f6361bdb0da84e44b1634a16ced1de7a6aad64ad856f54901debd2ce91c","24465670","1771200203","2026-02-16 09:03:23","0x545b7b7e9372ea6ddc805c0cdee3025eee1880b1","0xdac17f958d2ee523a2206206994597c13d831ec7","","0","0","0","0.00000276654","0.00565671617829544","1997.49","","","Transfer"
"0x19c9e106812114027f97f78e8afa292e939b29d152d2a862e6d0b2dc80fd344c","24465805","1771201823","2026-02-16 09:30:23","0x545b7b7e9372ea6ddc805c0cdee3025eee1880b1","0xdac17f958d2ee523a2206206994597c13d831ec7","","0","0","0","0.00000379254","0.00775456793497747","1997.49","","","Transfer"
"0x1bfa1d6d4ae2c57f9b59c71b06e419a64508161add29cd950eceffb8ace1ba41","24466060","1771204919","2026-02-16 10:21:59","0x545b7b7e9372ea6ddc805c0cdee3025eee1880b1","0xdac17f958d2ee523a2206206994597c13d831ec7","","0","0","0","0.00000379254","0.00775456793497747","1997.49","","","Transfer"
"0x432790350d342f355e87ea2fe2045b3af0b340b1c7f28f5c477eb7c73f95c885","24466192","1771206503","2026-02-16 10:48:23","0x545b7b7e9372ea6ddc805c0cdee3025eee1880b1","0xdac17f958d2ee523a2206206994597c13d831ec7","","0","0","0","0.00000379182","0.00775309575830612","1997.49","","","Transfer"
"0x6803bb974428099cc8ca3c10c562911e272c5110f318a3934c810c3aa42b24ef","24466194","1771206527","2026-02-16 10:48:47","0x85347f7ed6084aa897769d7e30519e2b81161609","0x545b7b7e9372ea6ddc805c0cdee3025eee1880b1","","0","0","0","0.000000861698082","0.00176190529732285","1997.49","","","Transfer"
"0x5a49ba8f77ffef171ceafea8de82204841624e31e0fd119a4a5579167fa5c9a2","24466298","1771207775","2026-02-16 11:09:35","0x545b7b7e9372ea6ddc805c0cdee3025eee1880b1","0xdac17f958d2ee523a2206206994597c13d831ec7","","0","0","0","0.0000037911","0.00775162358163476","1997.49","","","Transfer"
"0x714aa7cf336df5934030d978c677b45baaf776c947b9902e93053b68caf08ad8","24466305","1771207859","2026-02-16 11:10:59","0x60a465405ca2dd154b467c7dae69f8e9d227db79","0x545b7b7e9372ea6ddc805c0cdee3025eee1880b1","","0","0","0","0.000000774525969","0.00158366536516813","1997.49","","","Transfer"
"0x9b57e7c879869073f3dc0ca0852f8b3cc0c864df6467d78bfe96f7a7e67f01b5","24466367","1771208603","2026-02-16 11:23:23","0x545b7b7e9372ea6ddc805c0cdee3025eee1880b1","0xdac17f958d2ee523a2206206994597c13d831ec7","","0","0","0","0.00000276654","0.00565671617829544","1997.49","","","Transfer"
"0x93e4a8c70eccdd78660f3f49c294bd3b441416dc8d475e179acf65b4d98175fa","24466874","1771214711","2026-02-16 13:05:11","0x545b7b7e9372ea6ddc805c0cdee3025eee1880b1","0xdac17f958d2ee523a2206206994597c13d831ec7","","0","0","0","0.00000379254","0.00775456793497747","1997.49","","","Transfer"
"0xd58a7eddf4f80324d8cfbbac7307b098816dcc47228bd130df547def4eec43df","24466950","1771215623","2026-02-16 13:20:23","0x545b7b7e9372ea6ddc805c0cdee3025eee1880b1","0xb1b7b53c51ce87b8a4310cf6524570aa08f621ac","","0","0","0","0.00000281214","0.00574995403414797","1997.49","","","Flush Tokens"
"0x9b2a0cb474e59290d248496a0d4c0bb0f1c6da7a12f9fc4fba3cc8d314ffb0fc","24466953","1771215659","2026-02-16 13:20:59","0x545b7b7e9372ea6ddc805c0cdee3025eee1880b1","0xb1b7b53c51ce87b8a4310cf6524570aa08f621ac","","0","0","0","0.0000028107","0.00574700968080526","1997.49","","","Flush Tokens"
"0xf010c4821937a501d35e163954a8a6a919f3a1d75d3237bc0ff7d7868903117b","24467017","1771216427","2026-02-16 13:33:47","0x545b7b7e9372ea6ddc805c0cdee3025eee1880b1","0xdac17f958d2ee523a2206206994597c13d831ec7","","0","0","0","0.00000379254","0.00775456793497747","1997.49","","","Transfer"
"0xc0826b84e05e90c17f93a4cf7b2406e3081da217e333af17735c73af780aa0b7","24467089","1771217291","2026-02-16 13:48:11","0x545b7b7e9372ea6ddc805c0cdee3025eee1880b1","0xdac17f958d2ee523a2206206994597c13d831ec7","","0","0","0","0.00000315985","0.00646091313192176","1997.49","","","Transfer"
"0x848c56e76440d91f0461f3187a360a67cb8d929aad73f30a27d8a3af97647f57","24467092","1771217327","2026-02-16 13:48:47","0xeebd0997e8bab7b3fa766a3ebb3936167eae096f","0x545b7b7e9372ea6ddc805c0cdee3025eee1880b1","","0","0","0","0.000000843277869","0.00172424167529506","1997.49","","","Transfer"
"0x124181fd35f92b3d836dce6b76c5f171727bb9d6593e1d7f5b6506d50060380e","24467453","1771221659","2026-02-16 15:00:59","0x545b7b7e9372ea6ddc805c0cdee3025eee1880b1","0xdac17f958d2ee523a2206206994597c13d831ec7","","0","0","0","0.0000037911","0.00775162358163476","1997.49","","","Transfer"
"0x6ec6e6b715e37a84d175e7a927e2591ba41a168221c8b1b952a28320ddb738e1","24467457","1771221707","2026-02-16 15:01:47","0x7c69249cce6c48477a35d557165cd27f9a303e95","0x545b7b7e9372ea6ddc805c0cdee3025eee1880b1","","0","0","0","0.000000788425806","0.00161208622040015","1997.49","","","Transfer"
"0xdee031c04009974d7ffb222d98d521a49807f10741ea9f455905478b6bbeb970","24467699","1771224611","2026-02-16 15:50:11","0x545b7b7e9372ea6ddc805c0cdee3025eee1880b1","0xdac17f958d2ee523a2206206994597c13d831ec7","","0","0","0","0.00000379254","0.00775456793497747","1997.49","","","Transfer"
"0xd5c348e6e23d36b16567a2b13292da716f839fc2a4ac535a0942fd79fabbfc5c","24467824","1771226123","2026-02-16 16:15:23","0x545b7b7e9372ea6ddc805c0cdee3025eee1880b1","0xde7d99f3e41e1ce30dc9233bd0cd404e5937f31c","","0","0","0","0.00000328083","0.00670827970650597","1997.49","","","Flush Tokens"
"0xf68221a504befcf90cf6cde84c0116e6bd592bee5a61d4197be7629407e60f03","24468178","1771230407","2026-02-16 17:26:47","0x545b7b7e9372ea6ddc805c0cdee3025eee1880b1","0xdac17f958d2ee523a2206206994597c13d831ec7","","0","0","0","0.00000379182","0.00775309575830612","1997.49","","","Transfer"
"0x3d05fdaa622ae4b1b3f6da497f21db43e9766b265c93c75eede60fd922e4651a","24468186","1771230503","2026-02-16 17:28:23","0x0588e7f1e34c260151dae29ea2c732e1bfa9bd44","0x545b7b7e9372ea6ddc805c0cdee3025eee1880b1","","0","0","0","0.000000852570264","0.00174324174076732","1997.49","","","Transfer"
"0xbcade0c3e3d224f6e7cbf0e8472957dccba4e46e44ad37f4b69127118f8f6f5d","24468982","1771240103","2026-02-16 20:08:23","0x545b7b7e9372ea6ddc805c0cdee3025eee1880b1","0xdac17f958d2ee523a2206206994597c13d831ec7","","0","0","0","0.00000442463","0.00904699592414038","1997.49","","","Transfer"
"0x1a14214e85b647b118c8d6629cf9453962c7d9e8c970c507c8d61aea07c3d3b4","24469162","1771242275","2026-02-16 20:44:35","0x545b7b7e9372ea6ddc805c0cdee3025eee1880b1","0xdac17f958d2ee523a2206206994597c13d831ec7","","0","0","0","0.00000379254","0.00775456793497747","1997.49","","","Transfer"
"0xf9ec443770412d24e062c76a4ab7a637d2c6cd1acc5ef5babd07b00b41c842f3","24469259","1771243439","2026-02-16 21:03:59","0x545b7b7e9372ea6ddc805c0cdee3025eee1880b1","0xdac17f958d2ee523a2206206994597c13d831ec7","","0","0","0","0.00000379254","0.00775456793497747","1997.49","","","Transfer"
"0x661c81707a36ba1791181429951ae6380d9122440d4e45db6a07d61793f2f855","24469500","1771246331","2026-02-16 21:52:11","0x545b7b7e9372ea6ddc805c0cdee3025eee1880b1","0xdac17f958d2ee523a2206206994597c13d831ec7","","0","0","0","0.00000695299","0.014216707880792","1997.49","","","Transfer"
"0x588fadee7dec03081b8a56a1c0fc59a385e8cbce74eac4c37bb2febc6f37d4e6","24469508","1771246427","2026-02-16 21:53:47","0xeebd0997e8bab7b3fa766a3ebb3936167eae096f","0x545b7b7e9372ea6ddc805c0cdee3025eee1880b1","","0","0","0","0.000001576179948","0.00322279909625614","1997.49","","","Transfer"
"0xef332229a2d3a18072b0295d98143e7f931f78dda153d694983f9990209120df","24470065","1771253123","2026-02-16 23:45:23","0xc9033e6a536671f14da1a1782eebf7246a2358e8","0x545b7b7e9372ea6ddc805c0cdee3025eee1880b1","","0.00184848","0","3.77956824092749","0.00000189","0.00386446376230901","1997.49","","","Transfer"
"0x64c03acb5c7b879d55b388744998a2b3d1bde2d0316f309490c9c2ffe2f0aedd","24470093","1771253459","2026-02-16 23:50:59","0x545b7b7e9372ea6ddc805c0cdee3025eee1880b1","0xdac17f958d2ee523a2206206994597c13d831ec7","","0","0","0","0.00000442379","0.00904527838469047","1997.49","","","Transfer"
"0x3c06f58714bd24acb7763d065a599b230a47a75827615fb8a411b28ac00f6f48","24470215","1771254935","2026-02-17 00:15:35","0x545b7b7e9372ea6ddc805c0cdee3025eee1880b1","0xdac17f958d2ee523a2206206994597c13d831ec7","","0","0","0","0.00000758508","0.0155091358699549","1997.49","","","Transfer"
"0x8ee0f3f0442c490262c0415144dcc1ca6d7c369729b9d810a552559c4c24c54e","24473699","1771296911","2026-02-17 11:55:11","0x545b7b7e9372ea6ddc805c0cdee3025eee1880b1","0xdac17f958d2ee523a2206206994597c13d831ec7","","0","0","0","0.00000379182","0.00775309575830612","1990.97","","","Transfer"
"0x50f524b953d485fff96f0f1b1d1bf1d9e07f06eee4b37cc61b0920ff29d52356","24473701","1771296935","2026-02-17 11:55:35","0xef1a6a6350756b9e479ddd77348f60a261bb6a88","0x545b7b7e9372ea6ddc805c0cdee3025eee1880b1","","0","0","0","0.0000009004149","0.00184106918100164","1990.97","","","Transfer"
"0x56f000644e5e5cbb4c82fc9f0dd9fc569fb2ad263c9e6b746bb54252eaf5b6e5","24473806","1771298195","2026-02-17 12:16:35","0x545b7b7e9372ea6ddc805c0cdee3025eee1880b1","0xdac17f958d2ee523a2206206994597c13d831ec7","","0","0","0","0.00000379254","0.00775456793497747","1990.97","","","Transfer"
"0xf7c692b69683c0e716950d9cc9446c2a32a71de0b740684503a5a2bd6c0d0423","24473808","1771298219","2026-02-17 12:16:59","0xeebd0997e8bab7b3fa766a3ebb3936167eae096f","0x545b7b7e9372ea6ddc805c0cdee3025eee1880b1","","0","0","0","0.000000904284129","0.00184898055415432","1990.97","","","Transfer"
"0xee4ebc705ab47d1929de669da00b6ed70ceaaf73bf9daa102cfb86450922d904","24474013","1771300691","2026-02-17 12:58:11","0x545b7b7e9372ea6ddc805c0cdee3025eee1880b1","0xdac17f958d2ee523a2206206994597c13d831ec7","","0","0","0","0.00000379182","0.00775309575830612","1990.97","","","Transfer"
"0xd9a9444290ae3e51f8cd94c8c86824ab39c11803bb39f36924d171d9f69c33a9","24474015","1771300715","2026-02-17 12:58:35","0x149c913bfad85c61ae79069e30308461aebe0ee3","0x545b7b7e9372ea6ddc805c0cdee3025eee1880b1","","0","0","0","0.000000839995947","0.00171753116278727","1990.97","","","Transfer"
"0x474176d8bc0414cd20b1a8cedf50a3fe23b38630e54211b18f7e02b628d65cac","24474130","1771302095","2026-02-17 13:21:35","0x545b7b7e9372ea6ddc805c0cdee3025eee1880b1","0x492da2536c3353bfe7e62db5df808a9c10898c08","","0","0","0","0.00000281142","0.00574848185747662","1990.97","","","Flush Tokens"
"0xfd45cc4d2a728d0b053d332b56ec3a134059fec2f3d4fcd96c8a0672abfd727e","24474135","1771302155","2026-02-17 13:22:35","0x545b7b7e9372ea6ddc805c0cdee3025eee1880b1","0x492da2536c3353bfe7e62db5df808a9c10898c08","","0","0","0","0.0000028107","0.00574700968080526","1990.97","","","Flush Tokens"
"0x0105a4f5774b37db645032e3ef5abc7ab4fad98f896bb1ee1bbb3920540b5288","24474166","1771302527","2026-02-17 13:28:47","0x545b7b7e9372ea6ddc805c0cdee3025eee1880b1","0xdac17f958d2ee523a2206206994597c13d831ec7","","0","0","0","0.00000316045","0.00646213994581456","1990.97","","","Transfer"
"0xc79632c480e3086dfa01cddbcb8a51edce6fd52f2b03e6aa3d9c24ac2f3bd48c","24474187","1771302791","2026-02-17 13:33:11","0x545b7b7e9372ea6ddc805c0cdee3025eee1880b1","0xdac17f958d2ee523a2206206994597c13d831ec7","","0","0","0","0.00000276654","0.00565671617829544","1990.97","","","Transfer"
"0x56c002f2adbaac4e1832bc2e07fabae5b847a78ad36f4e1b7d3b5ca2c21fab3b","24474314","1771304315","2026-02-17 13:58:35","0x545b7b7e9372ea6ddc805c0cdee3025eee1880b1","0xdac17f958d2ee523a2206206994597c13d831ec7","","0","0","0","0.00000379254","0.00775456793497747","1990.97","","","Transfer"
"0xcc99e757d345d744e295c42b5bf20396db218f42442367114d3e6fc79a6dcc86","24474696","1771308911","2026-02-17 15:15:11","0x545b7b7e9372ea6ddc805c0cdee3025eee1880b1","0xdac17f958d2ee523a2206206994597c13d831ec7","","0","0","0","0.00000379254","0.00775456793497747","1990.97","","","Transfer"
"0x51538c2f69b9ade30d33aac0af78f2e0733b0643e26fec3d567f0dcf7f3dd6eb","24474698","1771308935","2026-02-17 15:15:35","0x1a453c3ff3e3c75478ed2a21835bcaabbedce616","0x545b7b7e9372ea6ddc805c0cdee3025eee1880b1","","0","0","0","0.00000088010391","0.00179953950648755","1990.97","","","Transfer"
"0xdf26911b6300ad911b46a4c7185c34b898ffdd9fd025b38cf927c4a40ad1f21d","24474712","1771309103","2026-02-17 15:18:23","0x545b7b7e9372ea6ddc805c0cdee3025eee1880b1","0xdac17f958d2ee523a2206206994597c13d831ec7","","0","0","0","0.00000316045","0.00646213994581456","1990.97","","","Transfer"
"0xb2cde363bde84940d7a41deae0e381be957c3a2676822c479933c08f5d4364c6","24474866","1771310975","2026-02-17 15:49:35","0x545b7b7e9372ea6ddc805c0cdee3025eee1880b1","0xdac17f958d2ee523a2206206994597c13d831ec7","","0","0","0","0.00000442463","0.00904699592414038","1990.97","","","Transfer"
"0x652489071bd167381397ddc95d1a5c3f49e441724e6c7cfb738202150bc124d2","24474981","1771312391","2026-02-17 16:13:11","0x545b7b7e9372ea6ddc805c0cdee3025eee1880b1","0xdac17f958d2ee523a2206206994597c13d831ec7","","0","0","0","0.00000276654","0.00565671617829544","1990.97","","","Transfer"
"0x900886097d19ec3064de047c3ba3fb88d25c9ad20b65f0d8a11074b4ebe11a22","24474985","1771312439","2026-02-17 16:13:59","0x1a453c3ff3e3c75478ed2a21835bcaabbedce616","0x545b7b7e9372ea6ddc805c0cdee3025eee1880b1","","0","0","0","0.000000868063434","0.00177492046776641","1990.97","","","Transfer"
"0x585f740e22295497b2c2a57ba14a533cb65daf7c53602c5f6fee854e0c62a997","24474998","1771312595","2026-02-17 16:16:35","0x545b7b7e9372ea6ddc805c0cdee3025eee1880b1","0xdac17f958d2ee523a2206206994597c13d831ec7","","0","0","0","0.00000505672","0.0103394239133033","1990.97","","","Transfer"
"0x6ab519ccf4f9812f6c91a81912cbe2cfa7fe72212b712c05707068643b5aeeb6","24475035","1771313039","2026-02-17 16:23:59","0x545b7b7e9372ea6ddc805c0cdee3025eee1880b1","0xdac17f958d2ee523a2206206994597c13d831ec7","","0","0","0","0.00000568773","0.0116296436374592","1990.97","","","Transfer"
"0xab159444d525d8873c7547a529404085e4a4be44389fdba22b820f4626df2bb8","24475040","1771313099","2026-02-17 16:24:59","0x763f51241573b3c6e2ecf699cfa3a951df65a356","0x545b7b7e9372ea6ddc805c0cdee3025eee1880b1","","0","0","0","0.000001031697051","0.00210950045887332","1990.97","","","Transfer"
"0x844424605ed4523b095292baa98e59eebabdac1d22500941bd51fca94ec3a9e5","24475179","1771314767","2026-02-17 16:52:47","0x545b7b7e9372ea6ddc805c0cdee3025eee1880b1","0xdac17f958d2ee523a2206206994597c13d831ec7","","0","0","0","0.00000379254","0.00775456793497747","1990.97","","","Transfer"
"0xa0c5944ced382618fae711e9339649e759a0e42efa0613f6f6841b9270d8e303","24475191","1771314911","2026-02-17 16:55:11","0x545b7b7e9372ea6ddc805c0cdee3025eee1880b1","0xdac17f958d2ee523a2206206994597c13d831ec7","","0","0","0","0.00000379182","0.00775309575830612","1990.97","","","Transfer"
"0x6b36bf20215f3ddb6472ca02ea209ee483f42ecb2d65b298f665572245c8e08d","24475195","1771314959","2026-02-17 16:55:59","0x9a0120b99c974b0f7c76f81e764688b02bae28b4","0x545b7b7e9372ea6ddc805c0cdee3025eee1880b1","","0","0","0","0.000000991693668","0.00202770594883455","1990.97","","","Transfer"
"0x179c4fff7d6e0adb3e0a19391ed6ecad4d6879b576de2d63027677863210e456","24475301","1771316243","2026-02-17 17:17:23","0x545b7b7e9372ea6ddc805c0cdee3025eee1880b1","0xdac17f958d2ee523a2206206994597c13d831ec7","","0","0","0","0.00000505672","0.0103394239133033","1990.97","","","Transfer"
"0xa72e8f3fe5918629e59d23fd7d7ccd2f207eaf5b9165041da20019fe74772183","24475304","1771316279","2026-02-17 17:17:59","0x763f51241573b3c6e2ecf699cfa3a951df65a356","0x545b7b7e9372ea6ddc805c0cdee3025eee1880b1","","0","0","0","0.000000993923448","0.00203226515730435","1990.97","","","Transfer"
"0x297e4d3ae2457f2933e8b792b3ee12aed3c917e204435c6e7203bd36bc6569bf","24475359","1771316939","2026-02-17 17:28:59","0x545b7b7e9372ea6ddc805c0cdee3025eee1880b1","0xdac17f958d2ee523a2206206994597c13d831ec7","","0","0","0","0.00000505672","0.0103394239133033","1990.97","","","Transfer"
"0x6b546688e65e2160adf726de771e966d9367f02e7df32a246f4226a402d20b45","24475362","1771316975","2026-02-17 17:29:35","0x8585f631f4153f156854c144722180316c82c3a6","0x545b7b7e9372ea6ddc805c0cdee3025eee1880b1","","0","0","0","0.000001077310584","0.00220276598551321","1990.97","","","Transfer"
"0x43da13315442db323c36504c98a9c4755dce67ad8b687505d207d923c2536d2b","24475558","1771319339","2026-02-17 18:08:59","0x545b7b7e9372ea6ddc805c0cdee3025eee1880b1","0xdac17f958d2ee523a2206206994597c13d831ec7","","0","0","0","0.00000505672","0.0103394239133033","1990.97","","","Transfer"
"0x45b28e38cc2998fb76ec62e6b29c69d0074199f5607097b82000c95b83ebf2c3","24475585","1771319663","2026-02-17 18:14:23","0x545b7b7e9372ea6ddc805c0cdee3025eee1880b1","0xb1b7b53c51ce87b8a4310cf6524570aa08f621ac","","0","0","0","0.00000374952","0.00766660537886396","1990.97","","","Flush Tokens"
"0x0035634a158e42b6ca83f0fcbc45cc7c27777b1d206e4ccd7c0195849f18a143","24476666","1771332659","2026-02-17 21:50:59","0x545b7b7e9372ea6ddc805c0cdee3025eee1880b1","0xdac17f958d2ee523a2206206994597c13d831ec7","","0","0","0","0.0000126442","0.0258534670388294","1990.97","","","Transfer"
"0xbc6fb60e3f2ddfcc8a54cf32030eaf83539c2526ba19a070e75416034bff08ee","24477351","1771340927","2026-02-18 00:08:47","0x545b7b7e9372ea6ddc805c0cdee3025eee1880b1","0xdac17f958d2ee523a2206206994597c13d831ec7","","0","0","0","0.00001832713","0.0374732961651462","1990.97","","","Transfer"
"0xa5036de12953a550fda2435e13f39ba9ae0c96578e5e93f418ac28ca8faf3cce","24477425","1771341827","2026-02-18 00:23:47","0x60c889fc16483041ce5d5a11bd04e1bcb448d67c","0x545b7b7e9372ea6ddc805c0cdee3025eee1880b1","","0","0","0","0.000002715521802","0.00555239978814237","1990.97","","","Transfer"
"0x22444ecfb49a0af235db500c81f895c827e5adfedb0b1e43422dad4df933d7e1","24479616","1771368251","2026-02-18 07:44:11","0x545b7b7e9372ea6ddc805c0cdee3025eee1880b1","0xdac17f958d2ee523a2206206994597c13d831ec7","","0","0","0","0.00000505576","0.0103374610110748","1990.97","","","Transfer"
"0x4db86843a0e69a39fdce6acb215497b1c98e6c93c720bc9797fc779f6e233c51","24479622","1771368323","2026-02-18 07:45:23","0x8585f631f4153f156854c144722180316c82c3a6","0x545b7b7e9372ea6ddc805c0cdee3025eee1880b1","","0","0","0","0.000001125547899","0.00230139633250188","1990.97","","","Transfer"
"0xbce0cf01a6501fa1b0ce1a8473e135cdcb91f5fcd087b99d19c45a7f75587f35","24479902","1771371695","2026-02-18 08:41:35","0x545b7b7e9372ea6ddc805c0cdee3025eee1880b1","0xdac17f958d2ee523a2206206994597c13d831ec7","","0","0","0","0.00000368872","0.00754228823772725","1990.97","","","Transfer"
"0x4d373ee1919571ab0e0505a99f8fa10f6c0130813cd013b7b9a005f60734c70a","24480362","1771377239","2026-02-18 10:13:59","0x545b7b7e9372ea6ddc805c0cdee3025eee1880b1","0xdac17f958d2ee523a2206206994597c13d831ec7","","0","0","0","0.00000379254","0.00775456793497747","1955.27","","","Transfer"
"0x46da6da4551bd5c2ac7bae0456991fb1a869b8c1e08ea434e0e8e40a0958d9ef","24481049","1771385531","2026-02-18 12:32:11","0x545b7b7e9372ea6ddc805c0cdee3025eee1880b1","0xdac17f958d2ee523a2206206994597c13d831ec7","","0","0","0","0.00000276654","0.00565671617829544","1955.27","","","Transfer"
"0x77aec8cb99b485a73299122dd3bbf67e2ae491d961a73b1f38cb4b3d85ad814c","24481222","1771387643","2026-02-18 13:07:23","0x545b7b7e9372ea6ddc805c0cdee3025eee1880b1","0xdac17f958d2ee523a2206206994597c13d831ec7","","0","0","0","0.00000379254","0.00775456793497747","1955.27","","","Transfer"
"0x6672b7fea3218184a53c4fd2a8cd9a0aa72535b2b9aeed1339655763ce164d46","24481226","1771387691","2026-02-18 13:08:11","0x8585f631f4153f156854c144722180316c82c3a6","0x545b7b7e9372ea6ddc805c0cdee3025eee1880b1","","0","0","0","0.0000008914248","0.00182268721503892","1955.27","","","Transfer"
"0xa96c367ba700982b10b6532b6f20e7036cd981f4719a3fb3cfd079c9c9a58e52","24482196","1771399343","2026-02-18 16:22:23","0x545b7b7e9372ea6ddc805c0cdee3025eee1880b1","0xdac17f958d2ee523a2206206994597c13d831ec7","","0","0","0","0.00000379254","0.00775456793497747","1955.27","","","Transfer"
"0x4559b6d3d51b5f8654dc48e602e4c06c0caf35efaad8a8ca1ad74113a3c0d973","24482492","1771402895","2026-02-18 17:21:35","0x545b7b7e9372ea6ddc805c0cdee3025eee1880b1","0xdac17f958d2ee523a2206206994597c13d831ec7","","0","0","0","0.00000442463","0.00904699592414038","1955.27","","","Transfer"
"0x09c8d8d8d31bbc142cd254bb20e5f08cfad58b152b715ff0ad16572dd81d3d77","24483196","1771411403","2026-02-18 19:43:23","0x545b7b7e9372ea6ddc805c0cdee3025eee1880b1","0x13b37243813e4a78a6e5c63a090913bbe1b175e2","","0","0","0","0.00000327915","0.00670484462760614","1955.27","","","Flush Tokens"
"0x845fd8647d67d1fdb84821355be9ea8f77b572a10ee68f614cedc7dd05c1de2c","24483203","1771411487","2026-02-18 19:44:47","0x545b7b7e9372ea6ddc805c0cdee3025eee1880b1","0x13b37243813e4a78a6e5c63a090913bbe1b175e2","","0","0","0","0.00000421605","0.00862051452120789","1955.27","","","Flush Tokens"
"0xe7b781ce4fcf47c04d944e166bfa8e34e79ef82bc13b409352f764763f311501","24483648","1771416839","2026-02-18 21:13:59","0x545b7b7e9372ea6ddc805c0cdee3025eee1880b1","0xdac17f958d2ee523a2206206994597c13d831ec7","","0","0","0","0.0000063209","0.0129242798916291","1955.27","","","Transfer"
"0x4a13138e5d57aeb0bf4fcdc0a7155bdbabcebc29de667b1c70330d90b2cf78d9","24483959","1771420571","2026-02-18 22:16:11","0x545b7b7e9372ea6ddc805c0cdee3025eee1880b1","0xdac17f958d2ee523a2206206994597c13d831ec7","","0","0","0","0.00000758508","0.0155091358699549","1955.27","","","Transfer"
"0x7a3d45e4b443ede905034f51d17ee61433e264dda2f15ab147eeef43c2c0549f","24483976","1771420775","2026-02-18 22:19:35","0xfb1c4537f5b9204ab7237ae6598c7b1759140945","0x545b7b7e9372ea6ddc805c0cdee3025eee1880b1","","0.00000060701464578","0","0.0012411566676231","0.000001545333552","0.0031597277843303","1955.27","","","Transfer"
"0xd5b050a32a1959b898690d0e8ad9f59055cfbb82075fa4084ffa6b6968437d86","24483981","1771420835","2026-02-18 22:20:35","0xfb10ddbbe7217cc411e96cda0f9ee5bd9c4d0945","0x545b7b7e9372ea6ddc805c0cdee3025eee1880b1","","0","0","0","0.000001659836304","0.00339385039585869","1955.27","","","Transfer"
"0xbd2b9821de45166d2ae8dbb1578924f2e39bd44ee4d307f935599bd731d40854","24484738","1771429955","2026-02-19 00:52:35","0x545b7b7e9372ea6ddc805c0cdee3025eee1880b1","0xdac17f958d2ee523a2206206994597c13d831ec7","","0","0","0","0.00002401942","0.0491122635881907","1955.27","","","Transfer"
"0x8a3f0be6df86817318bbdba51585b589b9a30a5f4d1784eb83fc490c59ed7bf9","24484750","1771430099","2026-02-19 00:54:59","0x545b7b7e9372ea6ddc805c0cdee3025eee1880b1","0xdac17f958d2ee523a2206206994597c13d831ec7","","0","0","0","0.00002465151","0.0504046915773536","1955.27","","","Transfer"
"0xcf2a240991af282f030b485d049690f162b2bbacf97789f8ed750a02e4cddf43","24484772","1771430363","2026-02-19 00:59:23","0x545b7b7e9372ea6ddc805c0cdee3025eee1880b1","0xdac17f958d2ee523a2206206994597c13d831ec7","","0","0","0","0.00001706033","0.0348830830994885","1955.27","","","Transfer"
"0x9b211703a7bb8acb4f96df0de9d392701c9d1cbf79e0cc2101af0606512d6355","24487565","1771463999","2026-02-19 10:19:59","0x545b7b7e9372ea6ddc805c0cdee3025eee1880b1","0xdac17f958d2ee523a2206206994597c13d831ec7","","0","0","0","0.00000505672","0.0103394239133033","1948.29","","","Transfer"
"0xc39e149c9c2554f3725f9084289a28b454cde1807c7ecfa69937fc56a0b76e45","24487575","1771464119","2026-02-19 10:21:59","0x1a453c3ff3e3c75478ed2a21835bcaabbedce616","0x545b7b7e9372ea6ddc805c0cdee3025eee1880b1","","0","0","0","0.000001070587854","0.00218902008791067","1948.29","","","Transfer"
"0x9094473ad8b70c6794220c2bfc8f7398b60dc62461b44a83113fcea3d055726a","24487760","1771466351","2026-02-19 10:59:11","0x545b7b7e9372ea6ddc805c0cdee3025eee1880b1","0xdac17f958d2ee523a2206206994597c13d831ec7","","0","0","0","0.00000368872","0.00754228823772725","1948.29","","","Transfer"
"0xfecaf2787e373e907bd0022b83088b25ce1c031f220171611f246eaf97a32bba","24487762","1771466375","2026-02-19 10:59:35","0xeebd0997e8bab7b3fa766a3ebb3936167eae096f","0x545b7b7e9372ea6ddc805c0cdee3025eee1880b1","","0","0","0","0.000001086761508","0.00222209019361815","1948.29","","","Transfer"
"0x0fdc9f9a4881d1c22b9dfbc20228b2a73718251d3034b062260f28af83e3e2a2","24487820","1771467095","2026-02-19 11:11:35","0x545b7b7e9372ea6ddc805c0cdee3025eee1880b1","0xdac17f958d2ee523a2206206994597c13d831ec7","","0","0","0","0.00000505576","0.0103374610110748","1948.29","","","Transfer"
"0x87a659b0a9cdbf3ccf95b844d661952a594b6b709a19a90f61fc549f122d3d3e","24487822","1771467119","2026-02-19 11:11:59","0x60c889fc16483041ce5d5a11bd04e1bcb448d67c","0x545b7b7e9372ea6ddc805c0cdee3025eee1880b1","","0","0","0","0.000001123855551","0.00229793600577213","1948.29","","","Transfer"
"0xbc6d464dd7d57b7c66d3acfb19cd718f9eeea41ede41915eead100e1ee4ca396","24488554","1771475951","2026-02-19 13:39:11","0x545b7b7e9372ea6ddc805c0cdee3025eee1880b1","0xdac17f958d2ee523a2206206994597c13d831ec7","","0","0","0","0.00000379254","0.00775456793497747","1948.29","","","Transfer"
"0x2d0a0279296ad55ac791f764128f614c1c4fb729d42c2c9db8b8a926d25984c9","24488557","1771475987","2026-02-19 13:39:47","0x4333bfe9ef362b6951f18913e670111483ba2fdf","0x545b7b7e9372ea6ddc805c0cdee3025eee1880b1","","0","0","0","0.000000876349026","0.00179186193339249","1948.29","","","Transfer"
"0xffedd6f75b431dc28fc24290fdd38417a37a5e4bfa5c7495f41ecb747b6fe263","24488676","1771477427","2026-02-19 14:03:47","0x545b7b7e9372ea6ddc805c0cdee3025eee1880b1","0xffa55822996b1a81023164a4c093dbf325cfa53c","","0","0","0","0.00000281142","0.00574848185747662","1948.29","","","Flush Tokens"
"0x93148cb7662d177122dd968217c0a0a7fb07182f0841d3770b59c127c6c4b65d","24488681","1771477487","2026-02-19 14:04:47","0x545b7b7e9372ea6ddc805c0cdee3025eee1880b1","0xffa55822996b1a81023164a4c093dbf325cfa53c","","0","0","0","0.00000234165","0.00478794792011159","1948.29","","","Flush Tokens"
"0x62e3298677442446ffc36cbe05251401fed2c8cd1ba411c686d95e9ce7ded666","24488915","1771480295","2026-02-19 14:51:35","0x545b7b7e9372ea6ddc805c0cdee3025eee1880b1","0xdac17f958d2ee523a2206206994597c13d831ec7","","0","0","0","0.00000379254","0.00775456793497747","1948.29","","","Transfer"
"0x2c79812e4ff3c9cd9e9ea79fb36fb7a962a36203633a323df7e36309c1e6a298","24488917","1771480319","2026-02-19 14:51:59","0x545b7b7e9372ea6ddc805c0cdee3025eee1880b1","0xdac17f958d2ee523a2206206994597c13d831ec7","","0","0","0","0.00000442379","0.00904527838469047","1948.29","","","Transfer"
"0xd2131ee9025d708dbe953544ddf6391873919c0b11b08a055182b4eb28d8c9b2","24488920","1771480355","2026-02-19 14:52:35","0x12d07718182a99d7580a3962eddfdbcfda2cdf39","0x545b7b7e9372ea6ddc805c0cdee3025eee1880b1","","0","0","0","0.000000950591103","0.0019436639525486","1948.29","","","Transfer"
"0xe8be9ed2aaa33cbcf8fb55cb78d5a32e0ec0a50edbeb72010582fa3206862be5","24488925","1771480415","2026-02-19 14:53:35","0x2a23209602255f1c96f8c282355456828a999a0f","0x545b7b7e9372ea6ddc805c0cdee3025eee1880b1","","0","0","0","0.000000939371559","0.00192072346513186","1948.29","","","Transfer"
"0xa8734e5821a389c8d7c68d965af7f5ca4966b74a79948b92fe52a2cc23f5475d","24488939","1771480583","2026-02-19 14:56:23","0x545b7b7e9372ea6ddc805c0cdee3025eee1880b1","0xdac17f958d2ee523a2206206994597c13d831ec7","","0","0","0","0.00000322763","0.00659950220801134","1948.29","","","Transfer"
"0xbf0e3bdb7001f32a9b1e716a428cd6ec9c58d77da4f382f5eca6afd129245251","24489050","1771481915","2026-02-19 15:18:35","0x545b7b7e9372ea6ddc805c0cdee3025eee1880b1","0xdac17f958d2ee523a2206206994597c13d831ec7","","0","0","0","0.00000442463","0.00904699592414038","1948.29","","","Transfer"
"0x5537291e41739093e6420d839ed7ab815b14e64be479d6b579a0b32dfc1cbc80","24489178","1771483463","2026-02-19 15:44:23","0x545b7b7e9372ea6ddc805c0cdee3025eee1880b1","0xdac17f958d2ee523a2206206994597c13d831ec7","","0","0","0","0.00000322763","0.00659950220801134","1948.29","","","Transfer"
"0x7d6348623d0c689c605456ed3cfc1a61d7d427e1f5ebd916c80337556349f943","24489276","1771484651","2026-02-19 16:04:11","0x545b7b7e9372ea6ddc805c0cdee3025eee1880b1","0x27ab0e8ecd34d13301f068074d997121174d16f8","","0","0","0","0.00000328167","0.00670999724595588","1948.29","","","Flush Tokens"
"0x859b77644e4e6edfd9b70c0f738d4a16120f43333862f5c6fce3a857f06fb9dd","24489280","1771484699","2026-02-19 16:04:59","0x545b7b7e9372ea6ddc805c0cdee3025eee1880b1","0x27ab0e8ecd34d13301f068074d997121174d16f8","","0","0","0","0.00000327915","0.00670484462760614","1948.29","","","Flush Tokens"
"0xeb6ff84570659939761fa8c4d2b7ce480d2e51da8f830d2c3ede237572c17970","24489517","1771487543","2026-02-19 16:52:23","0x545b7b7e9372ea6ddc805c0cdee3025eee1880b1","0xdac17f958d2ee523a2206206994597c13d831ec7","","0","0","0","0.00000568881","0.0116318519024662","1948.29","","","Transfer"
"0x64d3bb106c97ce90d2e325f60223487afd335abfa1e3f82c49b9e108b1a9a770","24489561","1771488071","2026-02-19 17:01:11","0x545b7b7e9372ea6ddc805c0cdee3025eee1880b1","0xdac17f958d2ee523a2206206994597c13d831ec7","","0","0","0","0.00000568881","0.0116318519024662","1948.29","","","Transfer"
"0x3872eaccdf1c0e2d6aa8f2604013196e73d5f86766e93d9dbfe4530cbf126d8d","24489567","1771488143","2026-02-19 17:02:23","0x545b7b7e9372ea6ddc805c0cdee3025eee1880b1","0xdac17f958d2ee523a2206206994597c13d831ec7","","0","0","0","0.00000414981","0.00848507426744316","1948.29","","","Transfer"
"0xf06397eec0bc3fdb6e69acfa929f80420f7020b3c8063b93e0b3f87f3e249815","24489573","1771488215","2026-02-19 17:03:35","0x545b7b7e9372ea6ddc805c0cdee3025eee1880b1","0xdac17f958d2ee523a2206206994597c13d831ec7","","0","0","0","0.00000414981","0.00848507426744316","1948.29","","","Transfer"
"0xc65ae00baa507e6b538c05bcfd7be444b5836100d6629101aa57411f932a64df","24489591","1771488431","2026-02-19 17:07:11","0x545b7b7e9372ea6ddc805c0cdee3025eee1880b1","0xdac17f958d2ee523a2206206994597c13d831ec7","","0","0","0","0.00000368872","0.00754228823772725","1948.29","","","Transfer"
"0x7ca2e6d1c12fdcf91851ce36a6c9b617ef00601dd020e0230ecc42d3171613bf","24490141","1771495043","2026-02-19 18:57:23","0x545b7b7e9372ea6ddc805c0cdee3025eee1880b1","0xdac17f958d2ee523a2206206994597c13d831ec7","","0","0","0","0.00000758508","0.0155091358699549","1948.29","","","Transfer"
"0x1156625c6bf6fe11ad5a615f5e1759b3572390b598e98e44003eb88060a015c7","24490468","1771498991","2026-02-19 20:03:11","0x545b7b7e9372ea6ddc805c0cdee3025eee1880b1","0xdac17f958d2ee523a2206206994597c13d831ec7","","0","0","0","0.00000505672","0.0103394239133033","1948.29","","","Transfer"
"0x3a29f1f005e3ac4d071ab756b7cf0e1e6ae7fa566fec33b49b6f9ad4f89007d6","24490709","1771501883","2026-02-19 20:51:23","0x545b7b7e9372ea6ddc805c0cdee3025eee1880b1","0xdac17f958d2ee523a2206206994597c13d831ec7","","0","0","0","0.00000505672","0.0103394239133033","1948.29","","","Transfer"
"0x1c1eef84235f76b294360f3068dfb94dec92fc60a971e7fdc8ac318a65eb0ec6","24490828","1771503323","2026-02-19 21:15:23","0x545b7b7e9372ea6ddc805c0cdee3025eee1880b1","0xdac17f958d2ee523a2206206994597c13d831ec7","","0","0","0","0.00001327137","0.0271358351540714","1948.29","","","Transfer"
"0xd07cef685fed7665a7794e90f377e68d66a45c1e7da667cd37e6e9b2ba7f4622","24491537","1771511855","2026-02-19 23:37:35","0x545b7b7e9372ea6ddc805c0cdee3025eee1880b1","0xdac17f958d2ee523a2206206994597c13d831ec7","","0","0","0","0.00002275092","0.0465185745498367","1948.29","","","Transfer"
"0x3d5e0a418597c2aafb08e8b2e2347b3a20b4415608beec3ea15d848a5a4eb49b","24491580","1771512371","2026-02-19 23:46:11","0x545b7b7e9372ea6ddc805c0cdee3025eee1880b1","0x49f67939f7dfeee79623c6ce3c3247cb31999f9a","","0","0","0","0.00002436564","0.0498201760981307","1948.29","","","Flush Tokens"
"0xa8f28ebb5ba2a6c59e229747b69043fcc7cdd86f700df30ce7b2283e06eb34c1","24491799","1771515023","2026-02-20 00:30:23","0x545b7b7e9372ea6ddc805c0cdee3025eee1880b1","0x670f49a345c3e8662d92cd0cccf9ebebdcc7689a","","0","0","0","0.00002390319","0.0488746092902578","1948.29","","","Flush Tokens"
"0x2c92d6d3cc04174c23b21e4cc889315cc9e2bb0c331ca172fc9e0dfdc0ceeedb","24494230","1771544339","2026-02-20 08:38:59","0x545b7b7e9372ea6ddc805c0cdee3025eee1880b1","0xdac17f958d2ee523a2206206994597c13d831ec7","","0","0","0","0.00000505576","0.0103374610110748","1948.29","","","Transfer"
"0x8e2368b2c2e588efcbdf8c290868a67790350d19d6c096f3a3284bb7f31702fc","24494232","1771544363","2026-02-20 08:39:23","0x6e43e244a753f19de546472ef75cfa60fbbc99a2","0x545b7b7e9372ea6ddc805c0cdee3025eee1880b1","","0","0","0","0.000001025555559","0.00209694301269315","1948.29","","","Transfer"
"0x24b291d784917b15194155a1d4ec0d1ea8f36e2c16c0c45f71f55a0517d4b133","24495260","1771556735","2026-02-20 12:05:35","0x545b7b7e9372ea6ddc805c0cdee3025eee1880b1","0xdac17f958d2ee523a2206206994597c13d831ec7","","0","0","0","0.00000505576","0.0103374610110748","1968.32","","","Transfer"
"0x26ba00d744e1d91fde439a3230c70925c8921c59e8b9439647d5755d968229c1","24495301","1771557227","2026-02-20 12:13:47","0x545b7b7e9372ea6ddc805c0cdee3025eee1880b1","0xdac17f958d2ee523a2206206994597c13d831ec7","","0","0","0","0.00000505672","0.0103394239133033","1968.32","","","Transfer"
"0x0742c0e20cdf87650e5b0e8c8b916267f83627fd004aa1daf6508bdc75234551","24495304","1771557263","2026-02-20 12:14:23","0x2400b70344521fe0206253e02a163461fbaba4eb","0x545b7b7e9372ea6ddc805c0cdee3025eee1880b1","","0","0","0","0.000000986440728","0.00201696531588451","1968.32","","","Transfer"
"0x0150c7582eb71f833d35524bc7d4d8cfd17ddbd62386085a5f06d1fc7a1ee42c","24496418","1771570655","2026-02-20 15:57:35","0x545b7b7e9372ea6ddc805c0cdee3025eee1880b1","0x048c9d80ff25236eabfc4f7bebebac02398844c9","","0","0","0","0.0000038301777","0.00783152535706565","1968.32","","","Flush Tokens"
"0x533fc0636680e2c08d361c728d4f42b0933d16bc37e9b3385972864f735790c1","24496579","1771572599","2026-02-20 16:29:59","0x545b7b7e9372ea6ddc805c0cdee3025eee1880b1","0xdac17f958d2ee523a2206206994597c13d831ec7","","0","0","0","0.0000054170113","0.0110761078671262","1968.32","","","Transfer"
"0x900f6336ff2b7b42eeb64580ee1cc2199abf92ba628d26bb5d1104d4b7f11903","24496844","1771575803","2026-02-20 17:23:23","0x545b7b7e9372ea6ddc805c0cdee3025eee1880b1","0xb1b7b53c51ce87b8a4310cf6524570aa08f621ac","","0","0","0","0.0000043072611","0.00880701292896998","1968.32","","","Flush Tokens"
"0xd5374d32738366a772babf61cb239ffba290445ef980afd8d982f6dd1bfdaea4","24496974","1771577375","2026-02-20 17:49:35","0x545b7b7e9372ea6ddc805c0cdee3025eee1880b1","0xdac17f958d2ee523a2206206994597c13d831ec7","","0","0","0","0.0000049998319","0.0102231053942786","1968.32","","","Transfer"
"0x95de696a20a621923506ed64318005055f27677cc1ed5d25da0a96acdb13673d","24497405","1771582571","2026-02-20 19:16:11","0x545b7b7e9372ea6ddc805c0cdee3025eee1880b1","0x4e790c423f2228fc1ed02ae6845cf3ba100b2da6","","0","0","0","0.0000046025358","0.00941075810255551","1968.32","","","Flush Tokens"
"0x28f3272b27cc07ba39adb236ce505c96b00ddb74a0206ca9232f347eb1c43624","24497585","1771584731","2026-02-20 19:52:11","0x545b7b7e9372ea6ddc805c0cdee3025eee1880b1","0xdac17f958d2ee523a2206206994597c13d831ec7","","0","0","0","0.000005371745","0.010983552324267","1968.32","","","Transfer"
"0xcd457de3140e31875d99dfb20487cc3f917ea7e4294d64e43d5385dedab963a9","24497592","1771584815","2026-02-20 19:53:35","0x52dfa68ac8c0efe1c0450ed12bd10fd50cf5d37f","0x545b7b7e9372ea6ddc805c0cdee3025eee1880b1","","0","0","0","0.000001006323885","0.00205762020461827","1968.32","","","Transfer"
"0xc38457b7968d4f8d357ee9e3ba8e5bea32620a7492a435a9de2a431f1c7dfbaa","24497695","1771586051","2026-02-20 20:14:11","0x545b7b7e9372ea6ddc805c0cdee3025eee1880b1","0xdac17f958d2ee523a2206206994597c13d831ec7","","0","0","0","0.0000098289995","0.0200972552314833","1968.32","","","Transfer"
"0xb915a5cfda8c1450d84ea1d0061647da19c8ec1e23e64514e29624660ae2b936","24497700","1771586111","2026-02-20 20:15:11","0xf3a5a904b0f451e0b6cde91699e2267c9c1cd50e","0x545b7b7e9372ea6ddc805c0cdee3025eee1880b1","","0","0","0","0.000001759786077","0.00359821667935579","1968.32","","","Transfer"
"0x8ae0c4fc4fc601e0bc68b1a143930233236acb51741779173399119ffcd32cc1","24497701","1771586123","2026-02-20 20:15:23","0xf3a5acb16377b0a606a381fa1c93a5ae7f93d50e","0x545b7b7e9372ea6ddc805c0cdee3025eee1880b1","","0.000003480306552169","0","0.00711614738231943","0.00000180990411","0.00370069251129584","1968.32","","","Transfer"
"0x7d7c06c71622d0d7caed8e84f75a196d4e9408f658902782d8e673daf54c3aac","24497851","1771587947","2026-02-20 20:45:47","0x545b7b7e9372ea6ddc805c0cdee3025eee1880b1","0xdac17f958d2ee523a2206206994597c13d831ec7","","0","0","0","0.0000064852434","0.0132603111688115","1968.32","","","Transfer"
"0x65fe3a15ecea1c30ed12a91cd7ade38f29c2cd38e0e03ef106eab2327b134ff9","24497851","1771587947","2026-02-20 20:45:47","0x545b7b7e9372ea6ddc805c0cdee3025eee1880b1","0xdac17f958d2ee523a2206206994597c13d831ec7","","0","0","0","0.0000061691984","0.01261409717423","1968.32","","","Transfer"
"0x9ade6f26e9bd59973188230711cebf10ffbdc58d2ad9e34d0a572067a7f91d2e","24498811","1771599515","2026-02-20 23:58:35","0x545b7b7e9372ea6ddc805c0cdee3025eee1880b1","0xdac17f958d2ee523a2206206994597c13d831ec7","","0","0","0","0.0000284955273","0.0582645146236705","1968.32","","","Transfer"
"0x956c31eb8be190a17b0bc95b9013cf7f7cdfe676e633f6937efdafae2d8b4851","24499966","1771613435","2026-02-21 03:50:35","0x545b7b7e9372ea6ddc805c0cdee3025eee1880b1","0xeb2d5bac8592d6e3f5466b61d7b74579dc0e248f","","0","0","0","0.0000131059029","0.0267975062589368","1968.32","","","Flush Tokens"
"0x7708e2de2613f6481a91ee0d5f852b0cacc6758acbe142316470ff8fa2340965","24501032","1771626239","2026-02-21 07:23:59","0x545b7b7e9372ea6ddc805c0cdee3025eee1880b1","0xdac17f958d2ee523a2206206994597c13d831ec7","","0","0","0","0.0000063967508","0.0130793712503287","1968.32","","","Transfer"
"0xd5cb222f8083cec1b8febf60a1bea4e01b8880942d621398ca5b6cd20eafe5fe","24501887","1771636535","2026-02-21 10:15:35","0x545b7b7e9372ea6ddc805c0cdee3025eee1880b1","0xdac17f958d2ee523a2206206994597c13d831ec7","","0","0","0","0.0000051379161","0.0105054447525048","1973.16","","","Transfer"
"0x82e83bc3ae3bade02ca32df4d349e2606fd2e0d2e36a5f5e7c44cdd1a382cca6","24501889","1771636559","2026-02-21 10:15:59","0x5663e56f0861d3f56d3cd96a2124d4a8f4ea30a5","0x545b7b7e9372ea6ddc805c0cdee3025eee1880b1","","0","0","0","0.000001220892897","0.00249634727942697","1973.16","","","Transfer"
"0xe297682c7d2c8044465fbfae286ec599f64c1d6d520ecd37051bd50f5a2692cb","24501934","1771637099","2026-02-21 10:24:59","0x545b7b7e9372ea6ddc805c0cdee3025eee1880b1","0x7436b343e2812ab117d5e48a4608301f320bc06b","","0","0","0","0.0000040109592","0.00820116744999997","1973.16","","","Flush Tokens"
"0xbe63a9421e62cd564a2a1e5699f80d03705481f2fb614e88a32c16c7202e6284","24501982","1771637687","2026-02-21 10:34:47","0x545b7b7e9372ea6ddc805c0cdee3025eee1880b1","0xdac17f958d2ee523a2206206994597c13d831ec7","","0","0","0","0.0000049492647","0.0101197111551456","1973.16","","","Transfer"
"0x998eea29d85ca2bc0d5d51fc58002c353932bf5ea269a161134da30cf1811cb7","24501986","1771637735","2026-02-21 10:35:35","0x50eb8f3bbbfd28ec624be78e4e950f9bf6e912e3","0x545b7b7e9372ea6ddc805c0cdee3025eee1880b1","","0","0","0","0.000001312049319","0.002682733887639","1973.16","","","Transfer"
"0x094eadfa6f3312460893c67cd68f39c8b1a30faa047784b7958ebc4c903487b8","24502532","1771644299","2026-02-21 12:24:59","0x545b7b7e9372ea6ddc805c0cdee3025eee1880b1","0xbfaee1a64e2cb6864bf50dee9b92eaf2dca37b51","","0","0","0","0.0000037579314","0.00768380408282708","1973.16","","","Flush Tokens"
"0x56cc62faa96dcc2fd96c0aa14d717b396c63b66a05bba6df8157049c76ade553","24502798","1771647491","2026-02-21 13:18:11","0x545b7b7e9372ea6ddc805c0cdee3025eee1880b1","0xdac17f958d2ee523a2206206994597c13d831ec7","","0","0","0","0.0000049672842","0.010156555443381","1973.16","","","Transfer"
"0xe5550d6e8d7c145bca24225a9701ff18e791814c495456d392b08c0372a70119","24502800","1771647515","2026-02-21 13:18:35","0x4331114612b2312762d3ebaa2f69c8e916f32fdf","0x545b7b7e9372ea6ddc805c0cdee3025eee1880b1","","0.00000027","0","0.00055206625175843","0.000001732461297","0.00354234597981977","1973.16","","","Transfer"
"0xdc3d7080138bae6e27b23311829a8dd7dbb1d041eb9c6fc68c0c4a99e250c32e","24502802","1771647539","2026-02-21 13:18:59","0x4333bfe9ef362b6951f18913e670111483ba2fdf","0x545b7b7e9372ea6ddc805c0cdee3025eee1880b1","","0","0","0","0.000001102461297","0.00225419139238344","1973.16","","","Transfer"
"0xb52f44c9e7fa57780df0e10649067661f280fef00d1cb40de56c9cb5e8136c37","24503253","1771652987","2026-02-21 14:49:47","0x545b7b7e9372ea6ddc805c0cdee3025eee1880b1","0xdac17f958d2ee523a2206206994597c13d831ec7","","0","0","0","0.0000051063176","0.0104408356211856","1973.16","","","Transfer"
"0x2ece1f0f65671b6ce9c014529d34a93b74e703653110db48673212427f037b7f","24503256","1771653023","2026-02-21 14:50:23","0x1723ee043a68020a939dad27c2e81d9cb8d9d77c","0x545b7b7e9372ea6ddc805c0cdee3025eee1880b1","","0","0","0","0.000001222373586","0.00249937482915382","1973.16","","","Transfer"
"0x3fcb7c8db229e7e14fb9919981d8cc090a2f27cc1ab5c9d100c944aa7ce475bb","24503294","1771653479","2026-02-21 14:57:59","0x545b7b7e9372ea6ddc805c0cdee3025eee1880b1","0xdac17f958d2ee523a2206206994597c13d831ec7","","0","0","0","0.0000051442358","0.0105183665787686","1973.16","","","Transfer"
"0x4629c0666e0d045ab2523286229fe407e86512ec0c47f28c35cfc2a30dc55b51","24503298","1771653527","2026-02-21 14:58:47","0xf2124c0d6309298c558e498ba845d8e185c29ce0","0x545b7b7e9372ea6ddc805c0cdee3025eee1880b1","","0","0","0","0.000001217805813","0.00249003515019459","1973.16","","","Transfer"
"0x256cf18d231bb5b496fd209a30c40d6b33f80615e7a10b92365981b84d1444cb","24503357","1771654247","2026-02-21 15:10:47","0x545b7b7e9372ea6ddc805c0cdee3025eee1880b1","0xdac17f958d2ee523a2206206994597c13d831ec7","","0","0","0","0.0000049420054","0.0101048681383256","1973.16","","","Transfer"
"0x7a8f98de4ae0a4946b5e359dfcc68cd8733ce642c496b9d51b669f4e37a5b274","24503360","1771654283","2026-02-21 15:11:23","0x3ec324c70117e90d63d7ff7e4ee371ec540900ce","0x545b7b7e9372ea6ddc805c0cdee3025eee1880b1","","0","0","0","0.000001245328224","0.00254630994382468","1973.16","","","Transfer"
"0x8e03ee558d8934afe4ff47d496c6f65317b7b365f949f09c7d6f9aace633158e","24503362","1771654307","2026-02-21 15:11:47","0x3ecda4fed9a8ba5b7a92fc9e23eb8af463c200ce","0x545b7b7e9372ea6ddc805c0cdee3025eee1880b1","","0.000000001","0","0.00000204468982132752","0.00000095279907793","0.00194817857641372","1973.16","","","0x3ecda4fe"
"0x9e1202f284002b37769441940ca6acd349ac2759b8e5e10e4913435bc175465b","24504421","1771667051","2026-02-21 18:44:11","0x545b7b7e9372ea6ddc805c0cdee3025eee1880b1","0xdac17f958d2ee523a2206206994597c13d831ec7","","0","0","0","0.0000054486158","0.0111407292665843","1973.16","","","Transfer"
"0xb019bbb6e21b7f4a49f729d20da2ad8b72792fdd3b935ac8380931d14f63d1a1","24504424","1771667087","2026-02-21 18:44:47","0xc9700f5c1842d0a453ff4381c1b3a3b6945f18ea","0x545b7b7e9372ea6ddc805c0cdee3025eee1880b1","","0","0","0","0.000001318644684","0.00269621936332244","1973.16","","","Transfer"
"0x7651f0a7ce6494c7e13f580b2b862e8f6f6f73b18cd75755c3d849b7eb49de39","24504426","1771667111","2026-02-21 18:45:11","0xc97131418505db151736de5c32f30a880f8e18ea","0x545b7b7e9372ea6ddc805c0cdee3025eee1880b1","","0.000000001","0","0.00000204468982132752","0.0000009414002346","0.00192487147748196","1973.16","","","0xc9713141"
"0xd494294ba0e98eff6aa05b846c8efafc0269822bc7ec05cd700ab3e7f02dc6fd","24505213","1771676591","2026-02-21 21:23:11","0x545b7b7e9372ea6ddc805c0cdee3025eee1880b1","0x4bbbc2cfcfb88b1dc60e7e230f071e7de7bc2a64","","0","0","0","0.0000045873003","0.00937960623078268","1973.16","","","Flush Tokens"
"0xcc7e452a242264cd85903eeea107adad539ec7b7f01ce6d35f556ddc4e142aff","24506272","1771689323","2026-02-22 00:55:23","0x545b7b7e9372ea6ddc805c0cdee3025eee1880b1","0xe4f971cc3a66adcb19e0c7b05f7716dd56e3d26d","","0","0","0","0.0000049821747","0.0101870018971655","1973.16","","","Flush Tokens"
"0x8703c5bd43b89ef161f1cb5953c8ff0fa61936b0b2eee5ab7239b06d99ff41f3","24506643","1771693787","2026-02-22 02:09:47","0x545b7b7e9372ea6ddc805c0cdee3025eee1880b1","0x8cbefb58ac102be0f4dd762f4ce25f3187ef39a6","","0","0","0","0.0000046025358","0.00941075810255551","1973.16","","","Flush Tokens"
"0x79230c0f54a3fefc41ea9c1772d8dc71b87678b9786c5c9e3b6c834c0812292d","24508445","1771715543","2026-02-22 08:12:23","0x545b7b7e9372ea6ddc805c0cdee3025eee1880b1","0xdac17f958d2ee523a2206206994597c13d831ec7","","0","0","0","0.0000049176602","0.0100550897556875","1973.16","","","Transfer"
"0x675115f1b93eeb3a13ae5279c56568e3976e9129603f975e7d0af5a2326bacbf","24508449","1771715591","2026-02-22 08:13:11","0x60c889fc16483041ce5d5a11bd04e1bcb448d67c","0x545b7b7e9372ea6ddc805c0cdee3025eee1880b1","","0","0","0","0.000000936262866","0.00191436715219713","1973.16","","","Transfer"
"0x044ff9459ba9073121ab7fddeb782e8d115cec0d30cd6bd287b12bed6e071598","24508959","1771721735","2026-02-22 09:55:35","0x545b7b7e9372ea6ddc805c0cdee3025eee1880b1","0x627b5148e2b52c7c5b7655836c3e2347384e02b7","","0","0","0","0.0000029566767","0.00604548675344624","1957.22","","","Flush Tokens"
"0xa450cddaeb42f2bc6b126c6a3330dbe1c05dda0b98c5e08994ce4a3167a47096","24511328","1771750283","2026-02-22 17:51:23","0x545b7b7e9372ea6ddc805c0cdee3025eee1880b1","0xb1b7b53c51ce87b8a4310cf6524570aa08f621ac","","0","0","0","0.0000039932388","0.00816493472849012","1957.22","","","Flush Tokens"
"0x47d0bf6d7c39322389ee33547b1ba6b0329281a87d615bcfe8d372acc8c585c1","24511592","1771753463","2026-02-22 18:44:23","0x545b7b7e9372ea6ddc805c0cdee3025eee1880b1","0x4e790c423f2228fc1ed02ae6845cf3ba100b2da6","","0","0","0","0.0000035667309","0.00729285836664434","1957.22","","","Flush Tokens"
"0x35ce2a48f1ac4ad3e28bd373590912450f424bef05cf22ba0e43de0fa569fe6d","24511705","1771754831","2026-02-22 19:07:11","0x545b7b7e9372ea6ddc805c0cdee3025eee1880b1","0xdac17f958d2ee523a2206206994597c13d831ec7","","0","0","0","0.0000038479665","0.00786789793535928","1957.22","","","Transfer"
"0xca968094bbe608be072c9d309189ebe768ed4f61e3cd14f5fb9988f9c13b2e85","24511707","1771754855","2026-02-22 19:07:35","0x50030b76a234e7fe39c592ebf17b5a064aa11e7c","0x545b7b7e9372ea6ddc805c0cdee3025eee1880b1","","0","0","0","0.000000935974389","0.00191377730621154","1957.22","","","Transfer"
"0xb885cabdb23c77b6818b573ac0373ad45fc99cf1fe7ec9c023acfb8c3ae84b66","24512655","1771766255","2026-02-22 22:17:35","0x545b7b7e9372ea6ddc805c0cdee3025eee1880b1","0x49f67939f7dfeee79623c6ce3c3247cb31999f9a","","0","0","0","0.0000039781593","0.00813410182832941","1957.22","","","Flush Tokens"
"0xbe3bddeb2ee02d2d9ba6f4c968c875a0ca7e8c6109513d76f6a08a6ad49f9586","24512756","1771767467","2026-02-22 22:37:47","0x545b7b7e9372ea6ddc805c0cdee3025eee1880b1","0x7ab9542c63f8563c77dde3dbcf38c9691d3888ee","","0","0","0","0.0000047372427","0.0096861919298481","1957.22","","","Flush Tokens"
"0x1fa7afa75c836a213aab67929ff37c8329651fa665d206184a32077677ccfd11","24512978","1771770131","2026-02-22 23:22:11","0x545b7b7e9372ea6ddc805c0cdee3025eee1880b1","0xbfaee1a64e2cb6864bf50dee9b92eaf2dca37b51","","0","0","0","0.0000059101809","0.0120844867284343","1957.22","","","Flush Tokens"
"0xe439dc77a2ace43ff17252c8cf2e6d714304f7fb8aba36ed0fae78004558d887","24513636","1771778063","2026-02-23 01:34:23","0x545b7b7e9372ea6ddc805c0cdee3025eee1880b1","0xdac17f958d2ee523a2206206994597c13d831ec7","","0","0","0","0.0000052084216","0.0106496066307024","1957.22","","","Transfer"
"0x2ac9ff0b4fa159698da8f22a52d35de52f524da100fc75d3ed0bb2645c9dd34a","24513640","1771778111","2026-02-23 01:35:11","0x31e08f0fa30d47fe52af619093dc92033bbd981b","0x545b7b7e9372ea6ddc805c0cdee3025eee1880b1","","0","0","0","0.000001083636918","0.00221570137624932","1957.22","","","Transfer"
"0xd518c4765c57b97ef945741d9072e5bac36aec0d3e804a24b79a50524229ac4b","24513642","1771778135","2026-02-23 01:35:35","0x31e06e73babb5ecc9931dc2adeaa7fd18b76981b","0x545b7b7e9372ea6ddc805c0cdee3025eee1880b1","","0.00000000001","0","0.0000000204468982132752","0.000001132433589","0.00231547543275769","1957.22","","","Transfer"
"0x44c2877b4ff379cd93736f72b36187081bf9c728277a7c2943b489b7b04104cd","24515837","1771804535","2026-02-23 08:55:35","0x545b7b7e9372ea6ddc805c0cdee3025eee1880b1","0xeb2d5bac8592d6e3f5466b61d7b74579dc0e248f","","0","0","0","0.0000026286777","0.00537483053674064","1957.22","","","Flush Tokens"
"0x46340cc706afdfa6990d7f24c80c4bd0d564ac6f7bc13c7de7164d29b702b536","24516067","1771807307","2026-02-23 09:41:47","0x545b7b7e9372ea6ddc805c0cdee3025eee1880b1","0xdac17f958d2ee523a2206206994597c13d831ec7","","0","0","0","0.000004044608","0.00826996880885986","1855.64","","","Transfer"
"0x3bec77296aa04ff5981ab34b3102fd6bf46e25c9b8ef5e82318e7d9bc4a1215e","24516074","1771807391","2026-02-23 09:43:11","0x1c607415b6714fa9080b98c83486b94d95efa0eb","0x545b7b7e9372ea6ddc805c0cdee3025eee1880b1","","0","0","0","0.000000821482389","0.00167967667918811","1855.64","","","Transfer"
"0xfe4541dc0e97b2924dc435254485843abef6113cccdbabbb24f5e47a0931afc3","24516262","1771809659","2026-02-23 10:20:59","0x545b7b7e9372ea6ddc805c0cdee3025eee1880b1","0xdac17f958d2ee523a2206206994597c13d831ec7","","0","0","0","0.0000339495539","0.06941630729794","1855.64","","","Transfer"
"0x893eb52df74e52bbca265d09df96e006b9d9a197b018469dba4031b68980e43f","24516685","1771814771","2026-02-23 11:46:11","0x545b7b7e9372ea6ddc805c0cdee3025eee1880b1","0xdac17f958d2ee523a2206206994597c13d831ec7","","0","0","0","0.0000052337052","0.0107013037502689","1855.64","","","Transfer"
"0xe7abe8c3f79e3c154b67dfddf99a220aff2fa0445681684d3ce94890ff745b24","24516687","1771814795","2026-02-23 11:46:35","0x8585f631f4153f156854c144722180316c82c3a6","0x545b7b7e9372ea6ddc805c0cdee3025eee1880b1","","0","0","0","0.000001145985309","0.00234318449670317","1855.64","","","Transfer"
"0x0a9192b7a06ecd1279dd2ecdce8e0049729cccf14614eeaafcb23535215419b3","24517301","1771822175","2026-02-23 13:49:35","0x545b7b7e9372ea6ddc805c0cdee3025eee1880b1","0xdac17f958d2ee523a2206206994597c13d831ec7","","0","0","0","0.0000037791806","0.00772725210577843","1855.64","","","Transfer"
"0x2736905345855a555f4646e5199c699fbca50e64bf727aa4b5851c09fa3ea1cb","24517303","1771822199","2026-02-23 13:49:59","0x72aba3fed611d60526e1d51a6c6bd2a5c986766a","0x545b7b7e9372ea6ddc805c0cdee3025eee1880b1","","0","0","0","0.000000865867863","0.00177043120609071","1855.64","","","Transfer"
"0xc08870bf552e275a6daf8ad38af631cc6c541ee5c9408a774a693eb9d592c69c","24517951","1771829975","2026-02-23 15:59:35","0x545b7b7e9372ea6ddc805c0cdee3025eee1880b1","0xdac17f958d2ee523a2206206994597c13d831ec7","","0","0","0","0.0000050936782","0.0104149919686579","1855.64","","","Transfer"
"0x3f07ec2e4f2d598d9c25fe5dc11d49ce049145bada18ba5528053242e73c8f57","24517958","1771830059","2026-02-23 16:00:59","0xc3d3e1b53f974d5d6d29cf4a0d536cd02c9d4396","0x545b7b7e9372ea6ddc805c0cdee3025eee1880b1","","0","0","0","0.000001031783634","0.00210967749425212","1855.64","","","Transfer"
"0x7d133ee310c006fa24836c43a73a549a7bfb70ddce92203ff6604335e07cd78a","24518027","1771830887","2026-02-23 16:14:47","0x545b7b7e9372ea6ddc805c0cdee3025eee1880b1","0xdac17f958d2ee523a2206206994597c13d831ec7","","0","0","0","0.0000064915643","0.0132732354487031","1855.64","","","Transfer"
"0x9d91498a8e8d6a7da0c2553699d4d495e55f5a7fb957975d958c5be3a524d16e","24518029","1771830911","2026-02-23 16:15:11","0x9a0120b99c974b0f7c76f81e764688b02bae28b4","0x545b7b7e9372ea6ddc805c0cdee3025eee1880b1","","0","0","0","0.000001239150486","0.00253367838581725","1855.64","","","Transfer"
"0x752a9ebf1e13ec10ff95298a668843b80eb1f1ecdeb6fdee07a7717c9b17959a","24518569","1771837415","2026-02-23 18:03:35","0x545b7b7e9372ea6ddc805c0cdee3025eee1880b1","0xdac17f958d2ee523a2206206994597c13d831ec7","","0","0","0","0.0000052769495","0.0107897249303093","1855.64","","","Transfer"
"0x8aba8435d3219b59659a648db8b2dee6cdf6c386f0551bf1b053f67058523b91","24518576","1771837499","2026-02-23 18:04:59","0x72aba3fed611d60526e1d51a6c6bd2a5c986766a","0x545b7b7e9372ea6ddc805c0cdee3025eee1880b1","","0","0","0","0.000001041391911","0.00212932344043451","1855.64","","","Transfer"
"0x7dec988d7d1b60b6a8ec65780a3f0f034c6397510ecc6b6c70738476b674f4ba","24520087","1771855703","2026-02-23 23:08:23","0x545b7b7e9372ea6ddc805c0cdee3025eee1880b1","0x2f6b92ebff9187a2857792ba0e231c7ff72456f7","","0","0","0","0.000008199975","0.0167664054176401","1855.64","","","Flush Tokens"
"0x16d157e6dfedfcbd031e1b6adc88c09f3be2c68fba0130fdaf38c6b59f8f930a","24520190","1771856939","2026-02-23 23:28:59","0x545b7b7e9372ea6ddc805c0cdee3025eee1880b1","0x49f67939f7dfeee79623c6ce3c3247cb31999f9a","","0","0","0","0.0000106486368","0.0217731592759737","1855.64","","","Flush Tokens"
"0x6f53c2258313af7381a2f6cdaec0565bcab44365fb534ee6a1f053a027d413bc","24523163","1771892819","2026-02-24 09:26:59","0x545b7b7e9372ea6ddc805c0cdee3025eee1880b1","0xdac17f958d2ee523a2206206994597c13d831ec7","","0","0","0","0.0000052390313","0.0107121939727263","1852.05","","","Transfer"
"0xf6b4712dec4b6fe0326b07919860a98878e15da25150e92aad592af3eb0a1d15","24523168","1771892879","2026-02-24 09:27:59","0xd66194e2c1951a61df187fa612a224784e94245d","0x545b7b7e9372ea6ddc805c0cdee3025eee1880b1","","0","0","0","0.000001052810703","0.00215267132820877","1852.05","","","Transfer"
"0xd8b17af6546b89633d3ee6bf9187c4603a2bf04f670a1e395d7e431d1fa0622d","24523182","1771893047","2026-02-24 09:30:47","0x545b7b7e9372ea6ddc805c0cdee3025eee1880b1","0xdac17f958d2ee523a2206206994597c13d831ec7","","0","0","0","0.0000055244666","0.0112958206252839","1852.05","","","Transfer"
"0x6cc0375893d09fc34cda2140acc5cef772e6d88140e44fbafa1c460209444006","24523185","1771893083","2026-02-24 09:31:23","0x60c889fc16483041ce5d5a11bd04e1bcb448d67c","0x545b7b7e9372ea6ddc805c0cdee3025eee1880b1","","0","0","0","0.000001083396447","0.0022152096876433","1852.05","","","Transfer"
"0x7b0c73f0a76f54cd3284e3ce5e1d88b3d57885755d3c3dcd20a0263744482bdd","24523186","1771893095","2026-02-24 09:31:35","0x60c8d6aa5edfc72a6bec70b2b4888bb2c221d67c","0x545b7b7e9372ea6ddc805c0cdee3025eee1880b1","","0.00000000001","0","0.0000000204468982132752","0.000001050468048","0.00214788132537539","1852.05","","","Transfer"
"0x5a203fff73e6731cb04cd2382e1a9ac92e65cf50d95e2cd292d3c8e8990a3aeb","24523209","1771893371","2026-02-24 09:36:11","0x545b7b7e9372ea6ddc805c0cdee3025eee1880b1","0xdac17f958d2ee523a2206206994597c13d831ec7","","0","0","0","0.0000054728602","0.0111903015444885","1852.05","","","Transfer"
"0xcd16e5fae376b74a4e7bc3313447104c3b07c6cfac8ff61593856451e4eb9e77","24523213","1771893419","2026-02-24 09:36:59","0x4341a843b808c7afef443d0d61a83c05d1f1f9ca","0x545b7b7e9372ea6ddc805c0cdee3025eee1880b1","","0","0","0","0.000001021473012","0.00208859547039716","1852.05","","","Transfer"
"0x7ff14e731eee940b6e1124e0d6e9703edffd6555d1302db506abb6206fc1a170","24523214","1771893431","2026-02-24 09:37:11","0x4341db1a2af45f3cd9d5da05c10f5259b93af9ca","0x545b7b7e9372ea6ddc805c0cdee3025eee1880b1","","0.00000000001","0","0.0000000204468982132752","0.000001183767606","0.00242043757480545","1852.05","","","Transfer"
"0xb062129cc8bfc7885b9da070de34b0de9233e00134c89699bed79a07e029b90a","24523796","1771900415","2026-02-24 11:33:35","0x545b7b7e9372ea6ddc805c0cdee3025eee1880b1","0xdac17f958d2ee523a2206206994597c13d831ec7","","0","0","0","0.0000054422949","0.0111278049866927","1852.05","","","Transfer"
"0xc5cfcfaac214292db81463879f1424254b6cf342e138a5930901b063130d365b","24523800","1771900463","2026-02-24 11:34:23","0x60c889fc16483041ce5d5a11bd04e1bcb448d67c","0x545b7b7e9372ea6ddc805c0cdee3025eee1880b1","","0","0","0","0.000001055231457","0.00215762101927251","1852.05","","","Transfer"
"0xc8db4da5c753e3dd85201f9fcdfdd3adc042915face561b412c49e3b5660fd3f","24523839","1771900931","2026-02-24 11:42:11","0x545b7b7e9372ea6ddc805c0cdee3025eee1880b1","0xdac17f958d2ee523a2206206994597c13d831ec7","","0","0","0","0.0000055234178","0.0112936761545992","1852.05","","","Transfer"
"0x8959720b980fb5a12bcaa62c1e688f9f5594506feecb753a6e21a7b301a9fe6b","24523843","1771900979","2026-02-24 11:42:59","0xf89ba0198fc742c964d998f2a9f2a264f401ab1b","0x545b7b7e9372ea6ddc805c0cdee3025eee1880b1","","0","0","0","0.000000991031475","0.0020263519695477","1852.05","","","Transfer"
"0x499c852374a2495620298bf15ecea6742e4e3c61fbc692efa53bdf01ba45dfbd","24523968","1771902479","2026-02-24 12:07:59","0x545b7b7e9372ea6ddc805c0cdee3025eee1880b1","0xdac17f958d2ee523a2206206994597c13d831ec7","","0","0","0","0.0000032091864","0.00656179076682271","1852.05","","","Transfer"
"0x1ce39ddc200f9b4bef076e89e41066b1da1ef761d2460ebb5e8e5d6da9a3638d","24523973","1771902539","2026-02-24 12:08:59","0x60c889fc16483041ce5d5a11bd04e1bcb448d67c","0x545b7b7e9372ea6ddc805c0cdee3025eee1880b1","","0","0","0","0.000001087395435","0.00222338637770251","1852.05","","","Transfer"
"0x7317186cd33b3d74b5ebacb45df913286ca6420decf8f7a88718c1d7d00a9930","24523997","1771902827","2026-02-24 12:13:47","0x545b7b7e9372ea6ddc805c0cdee3025eee1880b1","0xdac17f958d2ee523a2206206994597c13d831ec7","","0","0","0","0.0000035872802","0.00733487531118975","1852.05","","","Transfer"
"0x4c334b6266ac07429c07dfc142c8e3792fb9e94cb2a4f0148b31d724af6b5fc3","24524003","1771902899","2026-02-24 12:14:59","0x60cfe0c10959bf6997c6763f0acedb2f0f68d67c","0x545b7b7e9372ea6ddc805c0cdee3025eee1880b1","","0","0","0","0.000003894326625","0.00796269001106225","1852.05","","","Transfer"
"0xc95492f466c65fb119ec59701c40ef3f8fce747888434099c1ae1b0379607a6f","24524035","1771903283","2026-02-24 12:21:23","0x60c889fc16483041ce5d5a11bd04e1bcb448d67c","0x545b7b7e9372ea6ddc805c0cdee3025eee1880b1","","0","0","0","0.000001109634792","0.00226885896459328","1852.05","","","Transfer"
"0xb5e588d0b84c7682e29c95f4a64b5d52b2ee42ee6900d47bf79a197faf38b805","24524090","1771903943","2026-02-24 12:32:23","0x545b7b7e9372ea6ddc805c0cdee3025eee1880b1","0xdac17f958d2ee523a2206206994597c13d831ec7","","0","0","0","0.0000054223026","0.0110869269343777","1852.05","","","Transfer"
"0xfe9bcf409430238342904f91148599a50cc966826eb883e58b3dce2e0298603b","24524194","1771905203","2026-02-24 12:53:23","0x545b7b7e9372ea6ddc805c0cdee3025eee1880b1","0xdac17f958d2ee523a2206206994597c13d831ec7","","0","0","0","0.0000061059894","0.0124848543753137","1852.05","","","Transfer"
"0x0afa8837c3eb7c1c492ad95faac055c12be6f7cc9fbf637c34375dc926e15576","24524196","1771905227","2026-02-24 12:53:47","0x334398becf8b9dbac33e8984a8192600cbf556e7","0x545b7b7e9372ea6ddc805c0cdee3025eee1880b1","","0","0","0","0.000001174194168","0.00240086286357174","1852.05","","","Transfer"
"0xe4dd12a932a273c48d20de53952055857779a41290aa6c9acb3937989be7a40e","24524262","1771906019","2026-02-24 13:06:59","0x545b7b7e9372ea6ddc805c0cdee3025eee1880b1","0xdac17f958d2ee523a2206206994597c13d831ec7","","0","0","0","0.0000046339545","0.00947499959864486","1852.05","","","Transfer"
"0x8ce8555dfad8366f78b961d62283130c57a59c67853b1322f51f852415c3cad1","24524281","1771906247","2026-02-24 13:10:47","0x60c889fc16483041ce5d5a11bd04e1bcb448d67c","0x545b7b7e9372ea6ddc805c0cdee3025eee1880b1","","0","0","0","0.000001078724577","0.00220565716260773","1852.05","","","Transfer"
"0x2f78d01af554e26d9a41a4ec03584d9e742bd042c08720d5828aecf41f563a76","24525265","1771918103","2026-02-24 16:28:23","0x545b7b7e9372ea6ddc805c0cdee3025eee1880b1","0xdac17f958d2ee523a2206206994597c13d831ec7","","0","0","0","0.00000505576","0.0103374610110748","1852.05","","","Transfer"
"0x142bb113c61355e54da1ffb5fa7ca87d6ad67c1997957f836b5aaf180539172b","24525270","1771918163","2026-02-24 16:29:23","0x3876410aa61aab03546b52ebc4e6e0d7d3c9802f","0x545b7b7e9372ea6ddc805c0cdee3025eee1880b1","","0","0","0","0.000001234376976","0.00252391803850824","1852.05","","","Transfer"
"0x21904da4aed2d393758269067b57fb697367e6be57e24a369ddbdfbb9e57e366","24525403","1771919759","2026-02-24 16:55:59","0x545b7b7e9372ea6ddc805c0cdee3025eee1880b1","0xdac17f958d2ee523a2206206994597c13d831ec7","","0","0","0","0.0000055360572","0.0113195198071269","1852.05","","","Transfer"
"0x560657f62948e0415e94f5876520b4d69a8af6596f9e569ddda441c1e0396161","24525407","1771919807","2026-02-24 16:56:47","0x3876410aa61aab03546b52ebc4e6e0d7d3c9802f","0x545b7b7e9372ea6ddc805c0cdee3025eee1880b1","","0","0","0","0.000001109245725","0.00226806344325857","1852.05","","","Transfer"
"0x81f5b99a7cb60f0c75d18dddc2386b6d61648d2f2a1211316b83ec17594cefeb","24525712","1771923491","2026-02-24 17:58:11","0x545b7b7e9372ea6ddc805c0cdee3025eee1880b1","0xdac17f958d2ee523a2206206994597c13d831ec7","","0","0","0","0.0000044207023","0.00903896499592916","1852.05","","","Transfer"
"0x2b59298f1b77f6df61b96d5050404f847b06538ec3fb583aa075fd2642b4596e","24525715","1771923527","2026-02-24 17:58:47","0x60c889fc16483041ce5d5a11bd04e1bcb448d67c","0x545b7b7e9372ea6ddc805c0cdee3025eee1880b1","","0","0","0","0.000001237817742","0.00253095333772601","1852.05","","","Transfer"
"0xaa857ec4663072baefedf5393598f2405a47ec01caa38e62ce6069514e46c702","24525717","1771923551","2026-02-24 17:59:11","0x60c8d6aa5edfc72a6bec70b2b4888bb2c221d67c","0x545b7b7e9372ea6ddc805c0cdee3025eee1880b1","","0.00000000001","0","0.0000000204468982132752","0.000001238479116","0.0025323056424119","1852.05","","","Transfer"
"0xfbd5bfe73a54927d066014bd9b1b9c3ecd22ccb56abb688886e0dc0c741240fb","24526160","1771928867","2026-02-24 19:27:47","0x545b7b7e9372ea6ddc805c0cdee3025eee1880b1","0xdac17f958d2ee523a2206206994597c13d831ec7","","0","0","0","0.000005371745","0.010983552324267","1852.05","","","Transfer"
"0x0daa098a0498eb0814032a451fc68b674478eb0456087f3d673ae3d5af2ff006","24526162","1771928891","2026-02-24 19:28:11","0x2a90335778deeb213d19ea007de2cb3258894b6d","0x545b7b7e9372ea6ddc805c0cdee3025eee1880b1","","0","0","0","0.000001074440724","0.00219689801198257","1852.05","","","Transfer"
"0x7bb7f1f174dfba011cd2bbcae2df90aa82478e8115c9fc3b1ecda315ad392fd1","24526164","1771928915","2026-02-24 19:28:35","0x2a90b4dcdead7e1c2b83c1c872b01402449b4b6d","0x545b7b7e9372ea6ddc805c0cdee3025eee1880b1","","0.00000000001","0","0.0000000204468982132752","0.000001081300647","0.00221092442671576","1852.05","","","Transfer"
"0xafdba87acc8b2fa09fdcc6658db20266998dbef136d9b452ff6e5e100f69caa3","24526651","1771934771","2026-02-24 21:06:11","0x545b7b7e9372ea6ddc805c0cdee3025eee1880b1","0xdac17f958d2ee523a2206206994597c13d831ec7","","0","0","0","0.000006257691","0.0127950370927128","1852.05","","","Transfer"
"0xd1eba505c6e2e5491c7430315e6d3f6107df068089a28c41cc472608a588d24b","24526825","1771936883","2026-02-24 21:41:23","0x545b7b7e9372ea6ddc805c0cdee3025eee1880b1","0xdac17f958d2ee523a2206206994597c13d831ec7","","0","0","0","0.0000112195975","0.0229405968076417","1852.05","","","Transfer"
"0x18143bcfd7723cd36450c4ac1a46dab0985368e4fe44573dea73486992226adf","24527099","1771940171","2026-02-24 22:36:11","0x545b7b7e9372ea6ddc805c0cdee3025eee1880b1","0xdac17f958d2ee523a2206206994597c13d831ec7","","0","0","0","0.0000182392585","0.0372936262035114","1852.05","","","Transfer"
"0x6997da2e96b3e933c943e6f6c5142852016e6e16d2a55ff53c12d941b73707f7","24527104","1771940231","2026-02-24 22:37:11","0x69e3757e32fb39c8dc5bd5460a65953ffa27c40e","0x545b7b7e9372ea6ddc805c0cdee3025eee1880b1","","0.00000000001","0","0.0000000204468982132752","0.000004005840384","0.00819070105902752","1852.05","","","Transfer"
"0x46d5bcf600dbabce79c5f540f90124805bcb2e97cf3909b3e13e7078f4466d2b","24527104","1771940231","2026-02-24 22:37:11","0x69e3d7cd9a0cce06d6e2b3a3be877a2dd89fc40e","0x545b7b7e9372ea6ddc805c0cdee3025eee1880b1","","0","0","0","0.000003981409194","0.0081407468535116","1852.05","","","Transfer"
"0x30b5d14de13da9ac223abf0c571d406d2dda160c4c78d1a24fc5ae12d12ac18a","24527581","1771945979","2026-02-25 00:12:59","0x545b7b7e9372ea6ddc805c0cdee3025eee1880b1","0x49f67939f7dfeee79623c6ce3c3247cb31999f9a","","0","0","0","0.0000223929603","0.0457866579948012","1852.05","","","Flush Tokens"
"0x08389b0b04d85fe595c2a697fef8cc6a69af7f0d8ec103da0bbd7f40c51b7576","24527698","1771947383","2026-02-25 00:36:23","0x545b7b7e9372ea6ddc805c0cdee3025eee1880b1","0xd7a3ba56ee8e292eeb4046741db5b54fa6dc0f76","","0","0","0","0.000030792933","0.0629619966739203","1852.05","","","Flush Tokens"
"0x5cac59d5461983c65e7fbd51504503013d8bd6017712d6a3d331fd897cfc43d6","24530095","1771976303","2026-02-25 08:38:23","0x545b7b7e9372ea6ddc805c0cdee3025eee1880b1","0xfb46b7fce87cdee9746e10995d2151e6c24836d4","","0","0","0","0.0000030699195","0.00627703315394487","1852.05","","","Flush Tokens"
"0xe48c8c797c092e35368c3dcbf801f7f5715c98c89de7a740a50554bbe1ae983b","24530302","1771978799","2026-02-25 09:19:59","0x545b7b7e9372ea6ddc805c0cdee3025eee1880b1","0xfb46b7fce87cdee9746e10995d2151e6c24836d4","","0","0","0","0.0000031449099","0.00643036526152215","2057.64","","","Flush Tokens"
"0xd3ba8ca2eaf1deb5412b18c821e35699b3c72b3a8f5055d22d8d27a73023814e","24530642","1771982903","2026-02-25 10:28:23","0x545b7b7e9372ea6ddc805c0cdee3025eee1880b1","0xea0aec721c7fafa850f9d2adf431ce8be7e56afb","","0","0","0","0.0000159260862","0.0325639063467247","2057.64","","","Flush Tokens"
"0x2f38716a8f43c41c740014262dee1590d2e7afa7d6e2e1ee7eb0102636045bc5","24531429","1771992407","2026-02-25 13:06:47","0x545b7b7e9372ea6ddc805c0cdee3025eee1880b1","0xdac17f958d2ee523a2206206994597c13d831ec7","","0","0","0","0.0000064915643","0.0132732354487031","2057.64","","","Transfer"
"0x8483ddfb4fd99e3da2f3a119f62838f90f3fca5d2e5fbd77ad4f69adbf71f033","24531433","1771992455","2026-02-25 13:07:35","0x53e7575073376e10a7e83d16642f9746d16fa1a6","0x545b7b7e9372ea6ddc805c0cdee3025eee1880b1","","0","0","0","0.000001239904533","0.00253522017804295","2057.64","","","Transfer"
"0xf49ee7e9c69e2edc269288e4952b6f6defd87d5d9ad78f5c429300b36fb638ef","24531597","1771994423","2026-02-25 13:40:23","0x545b7b7e9372ea6ddc805c0cdee3025eee1880b1","0xdac17f958d2ee523a2206206994597c13d831ec7","","0","0","0","0.000005345451","0.010929789250105","2057.64","","","Transfer"
"0xbc849a8a5318bc12beaa9111d84b6ab8040fd2f7b4e62f766f02d09f90d88977","24531598","1771994435","2026-02-25 13:40:35","0x545b7b7e9372ea6ddc805c0cdee3025eee1880b1","0xdac17f958d2ee523a2206206994597c13d831ec7","","0","0","0","0.000003880357","0.00793412646101699","2057.64","","","Transfer"
"0x3b722b49a03c1711daba3156cf3fee0e17864d5be35c0237666b26249cb221ba","24531603","1771994495","2026-02-25 13:41:35","0xa35cf77187ba96a5f4e658a91296d5e3170e5881","0x545b7b7e9372ea6ddc805c0cdee3025eee1880b1","","0","0","0","0.000001071216321","0.00219030510798861","2057.64","","","Transfer"
"0xb9bc8de3abb4fbfb32ff706878a4cba3d18a49386817c780aaca9a5ac9453bac","24531704","1771995719","2026-02-25 14:01:59","0x545b7b7e9372ea6ddc805c0cdee3025eee1880b1","0xdac17f958d2ee523a2206206994597c13d831ec7","","0","0","0","0.0000036610546","0.00748572107594429","2057.64","","","Transfer"
"0x21272954913349eebf6a99e0837d397f004bc88753f37323ff308c11cde912cd","24531705","1771995731","2026-02-25 14:02:11","0x545b7b7e9372ea6ddc805c0cdee3025eee1880b1","0xdac17f958d2ee523a2206206994597c13d831ec7","","0","0","0","0.0000056508846","0.0115543062231164","2057.64","","","Transfer"
"0xcc5271a065b7cd72c8708cc6884e64351b1c516b0753b37e29ad60caec98089e","24531708","1771995767","2026-02-25 14:02:47","0xa35cf77187ba96a5f4e658a91296d5e3170e5881","0x545b7b7e9372ea6ddc805c0cdee3025eee1880b1","","0","0","0","0.000000990037146","0.00202431887516235","2057.64","","","Transfer"
"0xac4a06c8cb5a0724e7e520b897b5681cd5925bda5c6db4d862c6a29dbe9c974a","24531709","1771995779","2026-02-25 14:02:59","0x88e17e49e4a4cb984c19f5ccbab0f8f63ae3e554","0x545b7b7e9372ea6ddc805c0cdee3025eee1880b1","","0","0","0","0.000001082063094","0.00221248339433596","2057.64","","","Transfer"
"0x187a5be746df0df594d67dada923519f4753a15d9ff45dc7c97c601abce6a5fd","24531751","1771996283","2026-02-25 14:11:23","0x545b7b7e9372ea6ddc805c0cdee3025eee1880b1","0xdac17f958d2ee523a2206206994597c13d831ec7","","0","0","0","0.0000051957798","0.0106237580709191","2057.64","","","Transfer"
"0xa09265ad28d22e2d2e37a054aff9b1a7cea3dd809a9d6951f1317368e083579f","24531753","1771996307","2026-02-25 14:11:47","0xd6c8d096742b897860ef914266df7859134065cc","0x545b7b7e9372ea6ddc805c0cdee3025eee1880b1","","0","0","0","0.000001019739462","0.0020850508983574","2057.64","","","Transfer"
"0x1c3cda849599a7bc602783c6b3456a34cf84e6875371c6689e10dbdf4881d824","24531769","1771996499","2026-02-25 14:14:59","0x545b7b7e9372ea6ddc805c0cdee3025eee1880b1","0xf7e63fff352eb1250bfdaa5febcf576bceb5dd53","","0","0","0","0.000004272264","0.008735454714824","2057.64","","","Flush Tokens"
"0xf48061f75ce020ff73a9b1c8b8ab9e1f9bed6b975c28f2c95061c64696e65970","24531801","1771996883","2026-02-25 14:21:23","0x545b7b7e9372ea6ddc805c0cdee3025eee1880b1","0xcf894060f14bb484ec6f32fac12200f5ccee12a4","","0","0","0","0.0000039313023","0.00803829379737147","2057.64","","","Flush Tokens"
"0xe01604f1aa2b361d75481945f00ada87feaad4be81372204ac2d616f085c5cfe","24531892","1771997987","2026-02-25 14:39:47","0x545b7b7e9372ea6ddc805c0cdee3025eee1880b1","0xcf894060f14bb484ec6f32fac12200f5ccee12a4","","0","0","0","0.0000040671876","0.0083161370871495","2057.64","","","Flush Tokens"
"0x94f3fdd77493cda6fbc15d800adca6768b141f2c7ac6f1e0d338b844203912a7","24532049","1771999871","2026-02-25 15:11:11","0x545b7b7e9372ea6ddc805c0cdee3025eee1880b1","0xcf894060f14bb484ec6f32fac12200f5ccee12a4","","0","0","0","0.0000030831906","0.00630416843703269","2057.64","","","Flush Tokens"
"0xe6bddb145f65bcef259f675980abbd37b3f9ba52762377f524b6c209f4b148ca","24532121","1772000735","2026-02-25 15:25:35","0x545b7b7e9372ea6ddc805c0cdee3025eee1880b1","0xdac17f958d2ee523a2206206994597c13d831ec7","","0","0","0","0.0000042286821","0.00864634324749988","2057.64","","","Transfer"
"0xc35ecc7ce6ccca065bc50c1ea219a44da76da99ef347cf05981c5680741baba6","24532126","1772000795","2026-02-25 15:26:35","0xeebd0997e8bab7b3fa766a3ebb3936167eae096f","0x545b7b7e9372ea6ddc805c0cdee3025eee1880b1","","0","0","0","0.000000831508545","0.00170017705830836","2057.64","","","Transfer"
"0x812978793c930719fa06aefa9288fc4c688ebdb5568dba3afe28848a203f66d9","24532295","1772002823","2026-02-25 16:00:23","0x545b7b7e9372ea6ddc805c0cdee3025eee1880b1","0x0550fe98cb8c1381e8d03491d0ccbd64157435b6","","0","0","0","0.0000026159598","0.00534882637606197","2057.64","","","Flush Tokens"
"0xe157c6bc0ec955fcc6ce7c503f63757e93bbcba8c34f353621933d064510872d","24532845","1772009459","2026-02-25 17:50:59","0x545b7b7e9372ea6ddc805c0cdee3025eee1880b1","0x407bce1f75f36e88f6293d13e9008a5e9bea0c40","","0","0","0","0.000008715402","0.0178202937581775","2057.64","","","Flush Tokens"
"0xf94cdbb3393052a908e4713e420fb9e1bb8a221df10bdeb483499ad20fb5971b","24532906","1772010191","2026-02-25 18:03:11","0x545b7b7e9372ea6ddc805c0cdee3025eee1880b1","0xe43fd323340e73a033be62fdd594d5ed0f12cbaf","","0","0","0","0.000008975502","0.0183521175807048","2057.64","","","Flush Tokens"
"0x237fa4aaf84c65ceb692935e24fb9cf5fb023ba801d7410a8c3b4ee8bf9b0637","24532952","1772010743","2026-02-25 18:12:23","0x545b7b7e9372ea6ddc805c0cdee3025eee1880b1","0xf7e63fff352eb1250bfdaa5febcf576bceb5dd53","","0","0","0","0.0000100487136","0.0205465024153554","2057.64","","","Flush Tokens"
"0x43ca85d553096f26bd05811a17d1701c5778f3621d6bfcceac3653893a6ff817","24532982","1772011103","2026-02-25 18:18:23","0x545b7b7e9372ea6ddc805c0cdee3025eee1880b1","0xe43fd323340e73a033be62fdd594d5ed0f12cbaf","","0","0","0","0.0000112719945","0.0230477324202098","2057.64","","","Flush Tokens"
"0x09c9afbdd93825f314269397145ee7582e41fc9c7e84e82a572fd0877b751369","24533216","1772013911","2026-02-25 19:05:11","0x545b7b7e9372ea6ddc805c0cdee3025eee1880b1","0xa78e8b5c8ecd17930bfce02d30622f702b8a4970","","0","0","0","0.0000109345377","0.022357737936112","2057.64","","","Flush Tokens"
"0xd9a1c0c21bca57dd1af4fb181ec6160ffaafc9b397ece4bf3eb126bbedad6821","24533789","1772020799","2026-02-25 20:59:59","0x545b7b7e9372ea6ddc805c0cdee3025eee1880b1","0xcf810c7f7c677ac24a444e6aef7288df6e66fd5a","","0","0","0","0.0000046529001","0.0095137374741238","2057.64","","","Flush Tokens"
"0x8a897f6979e721aed93d67ef361e0b7fe7f6959e59fa07e9c0a6c0600ec11e83","24533857","1772021615","2026-02-25 21:13:35","0x545b7b7e9372ea6ddc805c0cdee3025eee1880b1","0xdac17f958d2ee523a2206206994597c13d831ec7","","0","0","0","0.0000086280285","0.0176416420520738","2057.64","","","Transfer"
"0xd48ff1756d6b1134389b6212909b4bb8226bdc29f1fb4868f997b55526df6579","24533869","1772021759","2026-02-25 21:15:59","0x1e84036c9dd8758c22a92eb9d193e34184f7e226","0x545b7b7e9372ea6ddc805c0cdee3025eee1880b1","","0.000000001","0","0.00000204468982132752","0.0000014383595964","0.00294099922616784","2057.64","","","0x1e84036c"
"0xb5c8446a8f763419be24cd7c47f4c06b9f7bdbca4e0456a2cbb7621977ca793a","24534074","1772024231","2026-02-25 21:57:11","0x545b7b7e9372ea6ddc805c0cdee3025eee1880b1","0x252e8c49d48918d0603be8c55198474996d2047f","","0","0","0","0.0000208004622","0.0425304933392478","2057.64","","","Flush Tokens"
"0x46e75f20ef7f648d7d3aaf364466ef149eb7b2a9c7fbe3d9bd3869429c74a2f6","24534483","1772029163","2026-02-25 23:19:23","0x545b7b7e9372ea6ddc805c0cdee3025eee1880b1","0x22b1fedc77862ac80ace71a2892b5ebe1d05dd10","","0","0","0","0.0000090152868","0.0184334651563083","2057.64","","","Flush Tokens"
"0x0066fb2dbb7e6faba5fafc30d0b61f99d1fda63dd29ac0468b998a8129bc5002","24534523","1772029655","2026-02-25 23:27:35","0x545b7b7e9372ea6ddc805c0cdee3025eee1880b1","0xbb619507ef311445e6d8799b506bfeca00552179","","0","0","0","0.000008155206","0.0166748666990291","2057.64","","","Flush Tokens"
