"Transaction Hash","Blockno","UnixTimestamp","DateTime (UTC+9)","From","To","ContractAddress","Value_IN(POL)","Value_OUT(POL)","CurrentValue @ $0.112238898303419/POL","TxnFee(POL)","TxnFee(USD)","Historical $Price/POL","Status","ErrCode","Method"
"0x274034521ac633222c1ee4d6b172bf067ed6ebe3095a85d3e6618d0d3caa5d6c","83326778","1771773584","2026-02-23 00:19:44","0xc8f7787d062a91a5367dde72b35eeb5da807102d","0x305a50c3435a4c6a536ebb48414bc27901f31400","","0","0","0","0.0086863284144","0.000974943931533941","0.11","","","Flush Tokens"
"0xc52db4f83c5055c53f02d64749d98b4e151c153490e7e07833bd3956cbdd9b3a","83327093","1771774214","2026-02-23 00:30:14","0xc8f7787d062a91a5367dde72b35eeb5da807102d","0x305a50c3435a4c6a536ebb48414bc27901f31400","","0","0","0","0.0072360258048","0.000812163564425863","0.11","","","Flush Tokens"
"0x77f4308d1dfa797dcb2325b483f88a07607822faef194b57cc5a1387316c9a1d","83327201","1771774430","2026-02-23 00:33:50","0xc8f7787d062a91a5367dde72b35eeb5da807102d","0x7a22ccb0be369f03864b7a0dcdc20b723bb533bd","","0","0","0","0.0071247699445","0.000799676329235992","0.11","","","Flush Tokens"
"0xfd7c7974b6f9d68f5801bdb276041f25c9278c6941369ca3f3eead1e32266e9b","83328028","1771776084","2026-02-23 01:01:24","0xc8f7787d062a91a5367dde72b35eeb5da807102d","0x93d4c5f617649ecf7cce0c660f1e1d436ead3055","","0","0","0","0.0095170789003","0.00106818645083639","0.11","","","Flush Tokens"
"0xaff28f091c07950cf50f9d80730456aee46c87bf97a59ca0e2fd3b1347ef760c","83328126","1771776280","2026-02-23 01:04:40","0xc8f7787d062a91a5367dde72b35eeb5da807102d","0x93d4c5f617649ecf7cce0c660f1e1d436ead3055","","0","0","0","0.0120792318154","0.0013557596713121","0.11","","","Flush Tokens"
"0xfd56418b505afff3fe2ac375fe8148ef6d17c37c4f3cdaa251374f88bd02b162","83328281","1771776590","2026-02-23 01:09:50","0x210ed8bf5b5245b10c0051e4a28c8c5b150de9e4","0xc8f7787d062a91a5367dde72b35eeb5da807102d","","0.0000000000000001","0","0.0000000000000000112238898303","0.003480874092486","0.000390689473273542","0.11","","","Transfer"
"0x88c09b0c8ed3e0787f0f39c9c07d316d6f46fd5c721a4ed9dd61c24d02560ac6","83328391","1771776810","2026-02-23 01:13:30","0xc8f7787d062a91a5367dde72b35eeb5da807102d","0x93d4c5f617649ecf7cce0c660f1e1d436ead3055","","0","0","0","0.006551364085","0.000735317887284987","0.11","","","Flush Tokens"
"0xa30cdba9bfcf571b8f68249a71cf2f84e4f6942738cb3491be624f7c9bc47cdb","83328527","1771777082","2026-02-23 01:18:02","0xc8f7787d062a91a5367dde72b35eeb5da807102d","0xc2132d05d31c914a87c6611c10748aeb04b58e8f","","0","0","0","0.010203205184","0.00114519650901589","0.11","","","Transfer"
"0x3bc17eeaed8399101ccf2f40fe109debd10b405b8647abf52815d88a4d197efd","83328823","1771777674","2026-02-23 01:27:54","0xc8f7787d062a91a5367dde72b35eeb5da807102d","0x0ef5486ce0966f08dc7f94a9496535a098aba2fb","","0","0","0","0.009571887","0.00107433805156482","0.11","","","Flush Tokens"
"0xfd5f6161e0193a945d02bf66d5c265b2ddd0bd6eed9a5442e8e567b4d6442c3b","83329573","1771779174","2026-02-23 01:52:54","0xc8f7787d062a91a5367dde72b35eeb5da807102d","0x9d07e2b3b5948d31eb0ce0098c23f3bb817ec766","","0","0","0","0.0056940741936","0.000639096614347593","0.11","","","Flush Tokens"
"0x7924dd7f2f78efa4bff0936900809ed5464340189648bc7b5a7c68604baeb952","83330838","1771781704","2026-02-23 02:35:04","0xc8f7787d062a91a5367dde72b35eeb5da807102d","0xe7c3eee01faa5ab3b996522c385768f877da118e","","0","0","0","0.0119076733896","0.00133650414260564","0.11","","","Flush Tokens"
"0x1cde1b50a67f85ee961fb1cc9fc97f1d3887c396af4de05731536f00ccd2335d","83330923","1771781874","2026-02-23 02:37:54","0xc8f7787d062a91a5367dde72b35eeb5da807102d","0xc2132d05d31c914a87c6611c10748aeb04b58e8f","","0","0","0","0.0191214475256","0.00214617020423998","0.11","","","Transfer"
"0x8e0892f7592bb3790b14eb39593352423b70dd5ac2a99ce42e74ccc9b78e0e8a","83330958","1771781944","2026-02-23 02:39:04","0xc8f7787d062a91a5367dde72b35eeb5da807102d","0x9c8ff3748133b6f47bda014ebfa9dccb63229caa","","0","0","0","0.0138892757328","0.00155891700648188","0.11","","","Flush Tokens"
"0x9fb009199f374c28dcbf8a46fe73b81971c1869acb21f9a12a5d3888aefa0f75","83331573","1771783174","2026-02-23 02:59:34","0xc8f7787d062a91a5367dde72b35eeb5da807102d","0x7a747f760eb40a63e67c3dce2115b777c5174bc4","","0","0","0","0.0051569290656","0.000578808036951824","0.11","","","Flush Tokens"
"0x873b6d3142dc1b814b350ce180c842994ca5755f573f3a0d879cbc7bde0494be","83332473","1771784974","2026-02-23 03:29:34","0xc8f7787d062a91a5367dde72b35eeb5da807102d","0xa9914b8da196945f12547228696482b626406683","","0","0","0","0.0070585644404","0.000792245496394185","0.11","","","Flush Tokens"
"0x279c4236acde318bd0b01a263426f203a4b80d827cb8a38efaa46094122df789","83333223","1771786474","2026-02-23 03:54:34","0xc8f7787d062a91a5367dde72b35eeb5da807102d","0x7e2ef8149f340f0b2775180cca36d73e3d933e1b","","0","0","0","0.0073891474684","0.000829349771254714","0.11","","","Flush Tokens"
"0x72dbefe1dee07fc8cb22b343755b8e33834904b51bd6f14f85073c7bd143fe46","83335018","1771790064","2026-02-23 04:54:24","0xc8f7787d062a91a5367dde72b35eeb5da807102d","0xa7e26086a43d0f54a30b3fe661cc04ddf6291d9c","","0","0","0","0.0046624397502","0.000523307100968516","0.11","","","Flush Tokens"
"0x75d0df07f28926cec30f336a9b774f4cef4b128b81f6f1d29896d9fd92410beb","83337078","1771794184","2026-02-23 06:03:04","0xc8f7787d062a91a5367dde72b35eeb5da807102d","0x98965474ecbec2f532f1f780ee37b0b05f77ca55","","0","0","0","0.0080862138142","0.000907587729951696","0.11","","","Transfer"
"0x40a34727ab665ae92e47d12c8d7716418a126e21448e898fda5ae75087cfeb5d","83337593","1771795214","2026-02-23 06:20:14","0xc8f7787d062a91a5367dde72b35eeb5da807102d","0x98965474ecbec2f532f1f780ee37b0b05f77ca55","","0","0","0","0.0048158428253","0.000540524893114097","0.11","","","Transfer"
"0x972f7baaf61bd435c9d1430fba78c3c20a616451fc1faa3e425d0961c2f82b19","83339409","1771798846","2026-02-23 07:20:46","0xc8f7787d062a91a5367dde72b35eeb5da807102d","0xc2132d05d31c914a87c6611c10748aeb04b58e8f","","0","0","0","0.0139167738404","0.00156200336378434","0.11","","","Transfer"
"0x016e560a62f4b48f1cb6260f136ffb31dc56afbe2c3c0af31862b97276d366f7","83339533","1771799094","2026-02-23 07:24:54","0xc8f7787d062a91a5367dde72b35eeb5da807102d","0x98965474ecbec2f532f1f780ee37b0b05f77ca55","","0","0","0","0.008756767526","0.000982849939817396","0.11","","","Transfer"
"0xc193790692a07462c1e960d05c068470fe9949b4052fe549e0b5b6a92498191d","83340753","1771801534","2026-02-23 08:05:34","0xc8f7787d062a91a5367dde72b35eeb5da807102d","0x4dd1c8575730bb1d81e0d8dd42d3d9c44a3efe60","","0","0","0","0.0086786170848","0.000974078420395182","0.11","","","Flush Tokens"
"0xfa6df9383999626ec14ed4cee2265de2de1391f2ace4eb781a5ac7a1d73f7b4c","83341234","1771802496","2026-02-23 08:21:36","0xc8f7787d062a91a5367dde72b35eeb5da807102d","0xaa9e8a64597378c0a822c2dc86d22a9fb42407a3","","0","0","0","0.008752901808","0.000982416055887924","0.11","","","Flush Tokens"
"0xbfacbd9164082ede9976d4a705ab74e964d223d5d8bf2946e7dd83029c3138dd","83341411","1771802850","2026-02-23 08:27:30","0xc8f7787d062a91a5367dde72b35eeb5da807102d","0x80543f46bb0ce231aeb703880fc605c3afb07bcf","","0","0","0","0.0094413369024","0.00105968525243679","0.11","","","Flush Tokens"
"0x730dfd89e955cffe262b1e831220e5cf6772d2e0f4d30b941aae2518f11c6cdc","83341693","1771803414","2026-02-23 08:36:54","0xc8f7787d062a91a5367dde72b35eeb5da807102d","0xa5a5683c5ac4aa7510fe1ba12d64498cb7c310d7","","0","0","0","0.0072469448779","0.000813389109161101","0.11","","","Flush Tokens"
"0x8060f4681ed60a203186dec9db2430c27406165ab2ad1e3be13a35e9026f82c0","83341708","1771803444","2026-02-23 08:37:24","0xc8f7787d062a91a5367dde72b35eeb5da807102d","0xfd0f9dd8254ed0e98834048f3ac9dd2a871fcca8","","0","0","0","0.0080020996848","0.000898146852736089","0.11","","","Flush Tokens"
"0x072c45154b355517302c9bd6a4bf0e8c16128711d6d24c38956b14a49812bb5f","83341773","1771803574","2026-02-23 08:39:34","0xc8f7787d062a91a5367dde72b35eeb5da807102d","0x80543f46bb0ce231aeb703880fc605c3afb07bcf","","0","0","0","0.0063123088013","0.000708486585608887","0.11","","","Flush Tokens"
"0xf0d52ee10ad0a08e97a1fa45d0b419f081f44450718ea41ecf281b1e3f9d90b7","83342704","1771805436","2026-02-23 09:10:36","0xc8f7787d062a91a5367dde72b35eeb5da807102d","0xc2132d05d31c914a87c6611c10748aeb04b58e8f","","0","0","0","0.0106063532904","0.00119044540833134","0.11","","","Transfer"
"0x379851de67d535953e2956a027d219d517bf3e5e58ad8df186c5a1f8ac184834","83342826","1771805680","2026-02-23 09:14:40","0xc8f7787d062a91a5367dde72b35eeb5da807102d","0x76a1272b1a20c59c84d5719d4842be0094b4aeec","","0","0","0","0.0073206782064","0.000821664856720185","0.11","","","Flush Tokens"
"0x09817480e3b651224734a6e435da398d966bc2e819e1bc8512579b8e4e4842d9","83342883","1771805794","2026-02-23 09:16:34","0xc8f7787d062a91a5367dde72b35eeb5da807102d","0xe910bc8d652f10e873a9b99f53bf5b8818b4670e","","0","0","0","0.0073075738102","0.000820194033727766","0.11","","","Flush Tokens"
"0xad06967b9a7353e02152b40ad505c8930f51b9a8e8e0550d39f0c749e5e1f42d","83342956","1771805940","2026-02-23 09:19:00","0xc8f7787d062a91a5367dde72b35eeb5da807102d","0xb44014713319db8e7a67e9b44b4059082cdf728b","","0","0","0","0.0095025288361","0.00106655336766033","0.11","","","Flush Tokens"
"0x88026d924160a8e334ceeb647714f1945b9fdb847dbdaca7bdef09ba68227404","83343025","1771806078","2026-02-23 09:21:18","0xc8f7787d062a91a5367dde72b35eeb5da807102d","0xc2132d05d31c914a87c6611c10748aeb04b58e8f","","0","0","0","0.0118266572072","0.00132741097554832","0.11","","","Transfer"
"0x18ddbf66d9526346382b32d3e8e41ef3b7acc90a1cbf17c58172c18100dc48e1","83343136","1771806300","2026-02-23 09:25:00","0xc8f7787d062a91a5367dde72b35eeb5da807102d","0xc2132d05d31c914a87c6611c10748aeb04b58e8f","","0","0","0","0.009458379556","0.00106159810110102","0.11","","","Transfer"
"0x2d1e37e385b691ebd175feac4a704aad6b93b515f11d57ddeefa1937444d8eb6","83343143","1771806314","2026-02-23 09:25:14","0xc8f7787d062a91a5367dde72b35eeb5da807102d","0xc2132d05d31c914a87c6611c10748aeb04b58e8f","","0","0","0","0.0094048483984","0.00105558982294709","0.11","","","Transfer"
"0xd0fa503767b56d39445b166527720beac05b080d0736f6c0a50b1e488f80ac63","83343188","1771806404","2026-02-23 09:26:44","0xc8f7787d062a91a5367dde72b35eeb5da807102d","0x10d560c247d1c1507f1393c9ed392c2aa4216e8d","","0","0","0","0.0076593404745","0.000859675936588666","0.11","","","Flush Tokens"
"0x88fbb0874321cf427d046ed53d47cc2889942f811158a1cd56d1edc0f78c6e14","83343268","1771806564","2026-02-23 09:29:24","0xc8f7787d062a91a5367dde72b35eeb5da807102d","0x76a1272b1a20c59c84d5719d4842be0094b4aeec","","0","0","0","0.0072500577552","0.000813738495079807","0.11","","","Flush Tokens"
"0xc55c5337bbfa916da7cd4caccfaba34e54a0855ba83a0ccc3ba09789426f3e9e","83343299","1771806626","2026-02-23 09:30:26","0xc8f7787d062a91a5367dde72b35eeb5da807102d","0xc2132d05d31c914a87c6611c10748aeb04b58e8f","","0","0","0","0.0117014167984","0.00131335413004154","0.11","","","Transfer"
"0x96889d4436b5b9e26c35351e6cc8c62b203ee79538fb5673c0634724d2e58ed0","83343358","1771806744","2026-02-23 09:32:24","0xc8f7787d062a91a5367dde72b35eeb5da807102d","0x74985f8a0196b6b5625ad648a9c5ad0969bf53bd","","0","0","0","0.0081185501629","0.000911217126104939","0.11","","","Flush Tokens"
"0x12a15ee573d74228b37830afbb16ef32ef00b625be022b8fd582710e5c81e0ec","83344023","1771808074","2026-02-23 09:54:34","0xc8f7787d062a91a5367dde72b35eeb5da807102d","0x6ca2d27a994a944e33cb677eca98eda4113ef0fe","","0","0","0","0.0080661273338","0.000905333245520807","0.11","","","Flush Tokens"
"0xe579df4ecf0c26746fd9b5614fecd9f6281ab7f78ae74873d51909581046a9b2","83344258","1771808544","2026-02-23 10:02:24","0xc8f7787d062a91a5367dde72b35eeb5da807102d","0x98965474ecbec2f532f1f780ee37b0b05f77ca55","","0","0","0","0.0061727280003","0.000692820190280339","0.11","","","Transfer"
"0x4a403bbca266a4d7c5d3e11bb1468d9d50c0668f985105bc700aa23b1b62eef1","83344370","1771808768","2026-02-23 10:06:08","0xc8f7787d062a91a5367dde72b35eeb5da807102d","0x98965474ecbec2f532f1f780ee37b0b05f77ca55","","0","0","0","0.0043684783573","0.000490313198085682","0.11","","","Transfer"
"0xf5fa4c7c1f339a8473b6bce5d7f92810fea53f58bf4283d5395ab1acad168301","83344501","1771809030","2026-02-23 10:10:30","0xc8f7787d062a91a5367dde72b35eeb5da807102d","0x4f095928ff1cb65cf25fa25ec4448cc0db2de974","","0","0","0","0.0027988964494","0.000314145053946007","0.11","","","Flush Tokens"
"0x5b4a29d17e5a2c2a82448b996f03fe3ae620d219712aad4502b4c046d5ad9ca3","83344695","1771809418","2026-02-23 10:16:58","0xc8f7787d062a91a5367dde72b35eeb5da807102d","0xc2132d05d31c914a87c6611c10748aeb04b58e8f","","0","0","0","0.0031604247936","0.000354722597004474","0.11","","","Transfer"
"0x79b5687501bdbcd0302591bafa6bd78e592f036a6b433581e720e025e2394dbe","83344811","1771809650","2026-02-23 10:20:50","0xc8f7787d062a91a5367dde72b35eeb5da807102d","0xbd0776fa93c8d7bc36a6a1f0ffc86e74f173520e","","0","0","0","0.0018936892077","0.000212545590401322","0.11","","","Flush Tokens"
"0xc2b31e91e1f8f4ef68e7b98a0ff83d76651a848f643a82671f59b52d80217a21","83344836","1771809700","2026-02-23 10:21:40","0xc8f7787d062a91a5367dde72b35eeb5da807102d","0xc2132d05d31c914a87c6611c10748aeb04b58e8f","","0","0","0","0.0027380426052","0.000307314885515471","0.11","","","Transfer"
"0x7635970a636c69381c7a18fbb17c10ea4bb907ada121874d678c535319c0ace7","83344945","1771809918","2026-02-23 10:25:18","0xc8f7787d062a91a5367dde72b35eeb5da807102d","0xc2132d05d31c914a87c6611c10748aeb04b58e8f","","0","0","0","0.0431048729336","0.00483804344957613","0.11","","","Transfer"
"0x6de8e55fd80e51f69267ac641e1328f743231b915372ae2b3265f6ea22bdec27","83344986","1771810000","2026-02-23 10:26:40","0xc8f7787d062a91a5367dde72b35eeb5da807102d","0xd9541c524b54481629de6f141c1d9147fc27a5ef","","0","0","0","0.0024256074974","0.000272247513224689","0.11","","","Flush Tokens"
"0x79a077776590f0562dd205280192d177635de8fb1d74dde350809a446e8dfdc0","83345005","1771810038","2026-02-23 10:27:18","0xc8f7787d062a91a5367dde72b35eeb5da807102d","0xc2132d05d31c914a87c6611c10748aeb04b58e8f","","0","0","0","0.0035654136224","0.000400178096974178","0.11","","","Transfer"
"0x9d0f8774085f2b76f33611469e39982bacdaf43057f3cb2a726b99f4a3d7743c","83345223","1771810474","2026-02-23 10:34:34","0xc8f7787d062a91a5367dde72b35eeb5da807102d","0x970431ed827974fb6860cd244d5105174025296e","","0","0","0","0.0027105947856","0.000304234172482736","0.11","","","Flush Tokens"
"0x48c4fe1e2972c95bc78f886a29172a62851d79a0b84ad6efc1b1665788fff8c1","83345331","1771810690","2026-02-23 10:38:10","0xc8f7787d062a91a5367dde72b35eeb5da807102d","0x970431ed827974fb6860cd244d5105174025296e","","0","0","0","0.0025784257824","0.000289399669173707","0.11","","","Flush Tokens"
"0x108dbd051edcb45c8097005eba9de93d90b6e14b602c386bdbec53e7569d0783","83345461","1771810950","2026-02-23 10:42:30","0xc8f7787d062a91a5367dde72b35eeb5da807102d","0x08608dcd7c21f379bc9a947ec66faae8c7d811ab","","0","0","0","0.0023055819747","0.000258775980788549","0.11","","","Flush Tokens"
"0x528a7e1b430bd9c23d8ac4c19d6902bc6f69324fff8557de46a5760ed3c09310","83345463","1771810954","2026-02-23 10:42:34","0xc8f7787d062a91a5367dde72b35eeb5da807102d","0xc2132d05d31c914a87c6611c10748aeb04b58e8f","","0","0","0","0.0034166290788","0.000383478683715937","0.11","","","Transfer"
"0xe6820ab289cb0b5a2d5282c0cc195570190a2869cbfb65327408109692caf838","83345776","1771811580","2026-02-23 10:53:00","0xc8f7787d062a91a5367dde72b35eeb5da807102d","0xe608a5cf5da709028a51f4ef1e48d39afeda3b1b","","0","0","0","0.0026813084859","0.000300947110469024","0.11","","","Flush Tokens"
"0x9479d8a496e7cf5ef6872e0a742d96653e5e0e93cc65a357d5f2c8f9347bcbfd","83346128","1771812284","2026-02-23 11:04:44","0xc8f7787d062a91a5367dde72b35eeb5da807102d","0xd1f700d8ab5b60000eb1356f039aa811e8519ff6","","0","0","0","0.003381790464","0.000379568435972368","0.11","","","Flush Tokens"
"0xe60c74073403798db93396ca11913981a987bc24507cea8410ebffa8967f2843","83346138","1771812304","2026-02-23 11:05:04","0xc8f7787d062a91a5367dde72b35eeb5da807102d","0xd818dffe938db6102c877e2d4bd475fe67cc65c8","","0","0","0","0.002991055361","0.000335712758483175","0.11","","","Flush Tokens"
"0xce8d69462a25def0643f0e1e4f0389c50bce3daf99141e9d68e7a374cde5a518","83346208","1771812444","2026-02-23 11:07:24","0xc8f7787d062a91a5367dde72b35eeb5da807102d","0x76a1272b1a20c59c84d5719d4842be0094b4aeec","","0","0","0","0.0030689430971","0.000344454792174387","0.11","","","Flush Tokens"
"0x69b3f8b8a3e477f1c91af2748bd449f6699f52e1018736c755393007ff9989ee","83346278","1771812584","2026-02-23 11:09:44","0xc8f7787d062a91a5367dde72b35eeb5da807102d","0x369d95f5d5bc0fb9db63db69e4b0c63a0251e324","","0","0","0","0.0028543899879","0.000320373587570205","0.11","","","Flush Tokens"
"0xf0e96eed68840232afee851025350060aac46f27ea77a1a9795ab7411aa685d9","83346406","1771812840","2026-02-23 11:14:00","0xc8f7787d062a91a5367dde72b35eeb5da807102d","0xd818dffe938db6102c877e2d4bd475fe67cc65c8","","0","0","0","0.002679358559","0.000300728252821996","0.11","","","Flush Tokens"
"0xe6983392471f28de2af3bf705171e568913ce7dad62767bae1f391ff73272014","83346573","1771813174","2026-02-23 11:19:34","0xc8f7787d062a91a5367dde72b35eeb5da807102d","0xcc80e5caedbcd5fbf9cedd45ff5a852bc61ed478","","0","0","0","0.0027593737567","0.000309709070459375","0.11","","","Flush Tokens"
"0x4de473c8ab846cd6d31e9783ba430eb3ff382e936fc25552af84d7bbae42281f","83346774","1771813576","2026-02-23 11:26:16","0xc8f7787d062a91a5367dde72b35eeb5da807102d","0xc2132d05d31c914a87c6611c10748aeb04b58e8f","","0","0","0","0.003571366358","0.000400846225459814","0.11","","","Transfer"
"0x8b553c95c6897242ae91c6dd787362c8a295592efff7c0c0bd63bd8e569b3d60","83346928","1771813884","2026-02-23 11:31:24","0xc8f7787d062a91a5367dde72b35eeb5da807102d","0x4f095928ff1cb65cf25fa25ec4448cc0db2de974","","0","0","0","0.0022174103917","0.000248879699450961","0.11","","","Flush Tokens"
"0x55aa1d7ae54f569d96bbca59e8d4b3df47ca653d4811e97e6b2b43e2eddab54c","83346957","1771813942","2026-02-23 11:32:22","0xc8f7787d062a91a5367dde72b35eeb5da807102d","0xc2132d05d31c914a87c6611c10748aeb04b58e8f","","0","0","0","0.0032392189424","0.000363566365458542","0.11","","","Transfer"
"0x9295c3fd0155e4f51d8d729301522996a6294985fab89db440b644de47139cdf","83346981","1771813990","2026-02-23 11:33:10","0xc8f7787d062a91a5367dde72b35eeb5da807102d","0x46c85569e806ca1b60be8bffdfde68c739da853c","","0","0","0","0.002075713965","0.000232975848624622","0.11","","","Flush Tokens"
"0x63266d6e95f0d7fcd7916c3a84ce97817a8677353b6b9ca675f4ae7550a51120","83347008","1771814044","2026-02-23 11:34:04","0xc8f7787d062a91a5367dde72b35eeb5da807102d","0x2fa347f541c79e4d3d9c9de43331f5d4c62986ce","","0","0","0","0.0020356037161","0.00022847391847741","0.11","","","Flush Tokens"
"0x77af1d4e049f2a54db5d7ad2dad1dd3a43472d83d7aaab64032b446540cd49a7","83347075","1771814178","2026-02-23 11:36:18","0xc8f7787d062a91a5367dde72b35eeb5da807102d","0xc2132d05d31c914a87c6611c10748aeb04b58e8f","","0","0","0","0.002896152272","0.000325060940328224","0.11","","","Transfer"
"0x19d4b24d4679f44ea3fb5b36d8e4bf4628647a4215f4c517354d75d18007db52","83347203","1771814434","2026-02-23 11:40:34","0xc8f7787d062a91a5367dde72b35eeb5da807102d","0x0ef3800852762505f1bcc3d141f62e31d15d80c4","","0","0","0","0.0018615955137","0.000208943429544275","0.11","","","Flush Tokens"
"0x89aba00666dc5fdb6366069fd02a5149d797712f33d476faec139adf22c08c05","83347213","1771814454","2026-02-23 11:40:54","0xc8f7787d062a91a5367dde72b35eeb5da807102d","0xff7cd28a164876da36429819b306c6032a98bb9e","","0","0","0","0.0018656822714","0.000209402122726156","0.11","","","Flush Tokens"
"0xf1c3d1993f12efcb982dd7447fd83c602e6a1bde8a7a19afe305af3186803025","83347226","1771814480","2026-02-23 11:41:20","0xc8f7787d062a91a5367dde72b35eeb5da807102d","0xe4d537bba61778c06dd62fdf08479775f3c11547","","0","0","0","0.0021036909144","0.000236115950603168","0.11","","","Flush Tokens"
"0xf41a6333a6eaa531c1c3aa284e6cb6f359979c9b8748b6e11153a3d4b27d6273","83347317","1771814662","2026-02-23 11:44:22","0xc8f7787d062a91a5367dde72b35eeb5da807102d","0xc2132d05d31c914a87c6611c10748aeb04b58e8f","","0","0","0","0.0026686024848","0.000299521002903718","0.11","","","Transfer"
"0xc550f5b0818c9a76d1d94f7a4d7475b4d17b74f8e91db918e28aa11752fcdee4","83347380","1771814788","2026-02-23 11:46:28","0xc8f7787d062a91a5367dde72b35eeb5da807102d","0xc2132d05d31c914a87c6611c10748aeb04b58e8f","","0","0","0","0.0026078909976","0.000292706812466028","0.11","","","Transfer"
"0x59e535b8ff15794fa5954d8b045f146084c16b38e570b463f37de20ff65dc687","83347422","1771814872","2026-02-23 11:47:52","0xc8f7787d062a91a5367dde72b35eeb5da807102d","0xc2132d05d31c914a87c6611c10748aeb04b58e8f","","0","0","0","0.0026168682624","0.000293714410776958","0.11","","","Transfer"
"0x1a4421498d632f2348c794dc3cb91784afab1a48c93e950f17297f06d961b0c9","83347456","1771814940","2026-02-23 11:49:00","0xc8f7787d062a91a5367dde72b35eeb5da807102d","0xa83aadf66e8d6219292c2176ae2fd316d34fa0d7","","0","0","0","0.0017580979527","0.000197326977320544","0.11","","","Flush Tokens"
"0x0e53d4a7bcc8a74ad8b445bdba5b76d21cd8066400bdd5a6b913f1377efae6ee","83347507","1771815042","2026-02-23 11:50:42","0xc8f7787d062a91a5367dde72b35eeb5da807102d","0xc2132d05d31c914a87c6611c10748aeb04b58e8f","","0","0","0","0.0026044254796","0.000292317846543658","0.11","","","Transfer"
"0xfeea3a68228213c901970ff5e292e5984357cd5ae9b956a856e48d972b3c9343","83347558","1771815144","2026-02-23 11:52:24","0xc8f7787d062a91a5367dde72b35eeb5da807102d","0xde9bc76d7601872308e9576ed1ced744f2134154","","0","0","0","0.0022949449183","0.000257582089297022","0.11","","","Flush Tokens"
"0x10d157148de3c1345d78dbf4a86bf2a4821c5b5369c67e2aef25fd7e4e43ae6f","83347611","1771815250","2026-02-23 11:54:10","0xc8f7787d062a91a5367dde72b35eeb5da807102d","0xc710b773af3751254102c3d2aaef74363cee9e9b","","0","0","0","0.0018801493176","0.000211025888053349","0.11","","","Flush Tokens"
"0xa0478520d70cb57d2cbb61e9349780e9a1c82c39724087577501f6853bdbba2f","83347621","1771815270","2026-02-23 11:54:30","0xc8f7787d062a91a5367dde72b35eeb5da807102d","0xff7cd28a164876da36429819b306c6032a98bb9e","","0","0","0","0.0018779936731","0.000210783940889535","0.11","","","Flush Tokens"
"0x469512e638f738d02d32ad00620ab216bec7ca93855984d92c7eab45e6f06949","83347688","1771815404","2026-02-23 11:56:44","0xc8f7787d062a91a5367dde72b35eeb5da807102d","0xa20d9916251d7aec6a7474ba58e87167cbd7f860","","0","0","0","0.0017964034826","0.000201626347795449","0.11","","","Flush Tokens"
"0x9aeee5e7d69f6199707d6c3d0aafc6da77556a018d59cfd53dacb4e873cd626f","83347713","1771815454","2026-02-23 11:57:34","0xc8f7787d062a91a5367dde72b35eeb5da807102d","0x54817b6d5abc077e7b0df0b65baf92dcf7a09412","","0","0","0","0.0017840037576","0.000200234616322184","0.11","","","Flush Tokens"
"0x65c9603962fee5710b50c4f7cb2f385d88249080c60ece36c8b812b62e4799d8","83347748","1771815524","2026-02-23 11:58:44","0xc8f7787d062a91a5367dde72b35eeb5da807102d","0x6865a3ee2eafdce8a94d8c07cf74b5a8efdbb286","","0","0","0","0.001773098808","0.000199010656793025","0.11","","","Flush Tokens"
"0xc9aee05ea22953c959044a207e4df7e72106baaeee79643a03edc89852d01ef6","83347836","1771815700","2026-02-23 12:01:40","0xc8f7787d062a91a5367dde72b35eeb5da807102d","0xc2132d05d31c914a87c6611c10748aeb04b58e8f","","0","0","0","0.0027036377396","0.00030345332130425","0.11","","","Transfer"
"0xb8f50410edc30e08b6cdf909ef7790feb3b128c41019a70f0cc9b4f2c4852d84","83347858","1771815744","2026-02-23 12:02:24","0xc8f7787d062a91a5367dde72b35eeb5da807102d","0xf86f89d7b180f85ec4a987be7c256f8caca75fb9","","0","0","0","0.0044776704177","0.000502568794648458","0.11","","","Flush Tokens"
"0x44a91ca9d496265a34c9e8fcb73eb1311024d93b98c6f39565ca9312a2b853a8","83347888","1771815804","2026-02-23 12:03:24","0xc8f7787d062a91a5367dde72b35eeb5da807102d","0xf86f89d7b180f85ec4a987be7c256f8caca75fb9","","0","0","0","0.0019757073214","0.000221751213123935","0.11","","","Flush Tokens"
"0xa4bb04f5927724f99eaf86cac60bab287fcd7ee95f69ce03e4dec92d89dd3b9b","83347953","1771815934","2026-02-23 12:05:34","0xc8f7787d062a91a5367dde72b35eeb5da807102d","0x951ced01bda80b0f00a6224043de398ff78660b7","","0","0","0","0.0084341307723","0.000946637546029916","0.11","","","Flush Tokens"
"0x9bd7a3631dea4f04ecf48364047fcce4ebe51a13311e84e042013a92d1ea5103","83348102","1771816232","2026-02-23 12:10:32","0xc8f7787d062a91a5367dde72b35eeb5da807102d","0xc2132d05d31c914a87c6611c10748aeb04b58e8f","","0","0","0","0.0031020605432","0.000348171857839274","0.11","","","Transfer"
"0x0d434f03ee6ca8d3857c9eade580e57b7c97559e78c07a499ca5d106dc496756","83348188","1771816404","2026-02-23 12:13:24","0xc8f7787d062a91a5367dde72b35eeb5da807102d","0xdd8a73f8804b21b1099b7e9865d45e9ef7ad8874","","0","0","0","0.0025127557787","0.000282028940306838","0.11","","","Flush Tokens"
"0x5c1588d4155e4f1e69bae57d27510eb65b5d05bea710ed6f3a410d4cdc2d06eb","83348227","1771816482","2026-02-23 12:14:42","0xc8f7787d062a91a5367dde72b35eeb5da807102d","0xc2132d05d31c914a87c6611c10748aeb04b58e8f","","0","0","0","0.0037629566912","0.000422350113383767","0.11","","","Transfer"
"0xd2ce97f4d5e39e548d5b6c7f5e89eed87d2b8c0c63849cb98ced5390792d750a","83348338","1771816704","2026-02-23 12:18:24","0xc8f7787d062a91a5367dde72b35eeb5da807102d","0xbc606805dd323be99ae80b2e441b342e9548252d","","0","0","0","0.0028396820064","0.000318722779930378","0.11","","","Flush Tokens"
"0xcd0ab31a1dacd75939ee9a2ff25bb82865cb11417e19dafde25722bcfdd41397","83348428","1771816884","2026-02-23 12:21:24","0xc8f7787d062a91a5367dde72b35eeb5da807102d","0xa486aefa08c9612ec84b6bb3efb33b884301e925","","0","0","0","0.0033085709305","0.000371350356198038","0.11","","","Flush Tokens"
"0x0e6348316a6d0071367c8c4379416a8553b50c8e7a7bb478ec1ffe148cbc6e9d","83348446","1771816920","2026-02-23 12:22:00","0xc8f7787d062a91a5367dde72b35eeb5da807102d","0xc2132d05d31c914a87c6611c10748aeb04b58e8f","","0","0","0","0.0045711424752","0.000513059995404412","0.11","","","Transfer"
"0xf06d8b7f276284fa96f330d4681d2d9f11205ee6cd12838b55d16c375b13667e","83348511","1771817050","2026-02-23 12:24:10","0xc8f7787d062a91a5367dde72b35eeb5da807102d","0x20d4e43f2a7c893c441aaa94d883c282c851d151","","0","0","0","0.0031384245568","0.000352253314663628","0.11","","","Flush Tokens"
"0xa331b29d2ace25d3081d41966961b78eb231ecef4f79971f9966e44b5b88f6d2","83348601","1771817230","2026-02-23 12:27:10","0xc8f7787d062a91a5367dde72b35eeb5da807102d","0x4c92b87f2dede1e43b1959bd1e35bdb1d880b3c4","","0","0","0","0.0031318309733","0.000351513258115716","0.11","","","Flush Tokens"
"0xee22a3e26a1142af15d900bb4809d322c5f878663273990ec1a16982b9b85b64","83348611","1771817250","2026-02-23 12:27:30","0xc8f7787d062a91a5367dde72b35eeb5da807102d","0x31e641bb7f024a1ea29f11934b3bfdee033039db","","0","0","0","0.0031351825718","0.000351889437838912","0.11","","","Flush Tokens"
"0x7b446f0f2b445f8de5a82ff05e7137c116b066ee47bad6a8adada23047c6461e","83348808","1771817644","2026-02-23 12:34:04","0xc8f7787d062a91a5367dde72b35eeb5da807102d","0x1be18692f86df7b222cd7fb331a0e9ebc74312c0","","0","0","0","0.0090652252907","0.00101747089950046","0.11","","","Flush Tokens"
"0x47f214282ad4b8afe2ce289771a5dd2025e035ab9a5f651310ffc86c7345df0c","83348824","1771817676","2026-02-23 12:34:36","0xc8f7787d062a91a5367dde72b35eeb5da807102d","0xc2132d05d31c914a87c6611c10748aeb04b58e8f","","0","0","0","0.0061943422512","0.000695246149989008","0.11","","","Transfer"
"0x75e52ecfdf3545677d2c244e2aa5b793f86b4952a6282e4568a919d8b88089d1","83348903","1771817834","2026-02-23 12:37:14","0xc8f7787d062a91a5367dde72b35eeb5da807102d","0x2c529123f6465ee0d1bb194380f567fcd81b37f3","","0","0","0","0.005376066927","0.000603403829091927","0.11","","","Flush Tokens"
"0x13336dc2530dd9b9eb52cdc1fc25a6275234e626a19563aa81f9111a1f2af72c","83348923","1771817874","2026-02-23 12:37:54","0xc8f7787d062a91a5367dde72b35eeb5da807102d","0x0c454c8ac1f5cdc2039d0a7838267bd08e4713fe","","0","0","0","0.0045293219491","0.000508366105628478","0.11","","","Flush Tokens"
"0x80c4943bf947cbaf0e1fa8aa78aefbb26c5cc04f66e5f54700e8e38897b344e9","83348941","1771817910","2026-02-23 12:38:30","0xc8f7787d062a91a5367dde72b35eeb5da807102d","0x1820d32b01659864683e1d596e7c0b0263508edb","","0","0","0","0.0050563915932","0.000567523821811438","0.11","","","Flush Tokens"
"0x67445176dc902cf8968e8f05943772e5e79a8ea671e20b15cfe87731933c208f","83348953","1771817934","2026-02-23 12:38:54","0xc8f7787d062a91a5367dde72b35eeb5da807102d","0x31e641bb7f024a1ea29f11934b3bfdee033039db","","0","0","0","0.0050720872176","0.000569285481402278","0.11","","","Flush Tokens"
"0x0a230417a2423e9a242af54216e1a768d6d2c56c94504d0da99df78bc7abeb1d","83348988","1771818004","2026-02-23 12:40:04","0xc8f7787d062a91a5367dde72b35eeb5da807102d","0x1f089d451d1f44a60ca325fa38d2986b5119d495","","0","0","0","0.0041408786255","0.000464767654934296","0.11","","","Flush Tokens"
"0x13362ad3ef53a84ebf6c44f547236bdba556c5e0896d3f130c2d279b3526c701","83349058","1771818144","2026-02-23 12:42:24","0xc8f7787d062a91a5367dde72b35eeb5da807102d","0xfd8ef8f24a912c4ea7638fd7f6c6a5b045ea87db","","0","0","0","0.004198623246","0.000471248847522165","0.11","","","Flush Tokens"
"0x68c3b8e0bcf15131d9ec936b5dec3abf9ee88c09736d4de7e476e5689114e90d","83349104","1771818236","2026-02-23 12:43:56","0xc8f7787d062a91a5367dde72b35eeb5da807102d","0xc2132d05d31c914a87c6611c10748aeb04b58e8f","","0","0","0","0.005814086648","0.000652566680012138","0.11","","","Transfer"
"0x910f2f581996b149132ff7ae63806457067b1cca8790bc41372069af3433aeb2","83349228","1771818484","2026-02-23 12:48:04","0xc8f7787d062a91a5367dde72b35eeb5da807102d","0xfec96a0b3a6853cb52940d593bdb413eca66da31","","0","0","0","0.0037958953842","0.000426047115997641","0.11","","","Flush Tokens"
"0x3f17668a7780b610259f344f7eb867a559f4dd315b91aabb8b8dcbb4719a5133","83349256","1771818540","2026-02-23 12:49:00","0xc8f7787d062a91a5367dde72b35eeb5da807102d","0x7825dfa25a7d4380eac658363d831f0cc457443c","","0","0","0","0.0037606455225","0.000422090710355085","0.11","","","Flush Tokens"
"0x1022575d5aa70970a7d850bb29833cdb1af988d9cf57d6d8224016b0dbb56259","83349266","1771818560","2026-02-23 12:49:20","0xc8f7787d062a91a5367dde72b35eeb5da807102d","0x8a4174bbddef678245b022b6cca672301194e497","","0","0","0","0.0037573227012","0.000421717760553114","0.11","","","Flush Tokens"
"0x6b02098b33d2783ba9edabc27d82cc4c2356fc0ebbf6d4f51e87f4b379a615c3","83349411","1771818850","2026-02-23 12:54:10","0x6366bcc15db868c3bca5a7d26b05d86dc66f5756","0xc8f7787d062a91a5367dde72b35eeb5da807102d","","7.99709885","0","0.897585564547539","0.00290115","0.000325621879812964","0.11","","","Transfer"
"0x579d7a8483195dd1163d4bc9142f0312cf3cd3eb75af1a4a766d1d3d5d7e76a7","83349446","1771818920","2026-02-23 12:55:20","0xc8f7787d062a91a5367dde72b35eeb5da807102d","0x31e641bb7f024a1ea29f11934b3bfdee033039db","","0","0","0","0.0046242875952","0.000519024945123415","0.11","","","Flush Tokens"
"0xec0787a2c2b83d174facaa71e3267293a21665e75f7d4146a28892349355ea36","83349547","1771819122","2026-02-23 12:58:42","0xc8f7787d062a91a5367dde72b35eeb5da807102d","0xc2132d05d31c914a87c6611c10748aeb04b58e8f","","0","0","0","0.0063850006668","0.000716645440508228","0.11","","","Transfer"
"0x303e9f415a7ff1787f650157d0182a7de85cea2c325c3e5397ff90457f486f9f","83349691","1771819410","2026-02-23 13:03:30","0xc8f7787d062a91a5367dde72b35eeb5da807102d","0xaf6198bb98a1b42c40231ab9fdf1836842feef2f","","0","0","0","0.0155571134028","0.00174611326911163","0.11","","","Flush Tokens"
"0x68ee4cd121e3ca7c3266763367d5d51da6f319321d4725ded8a63aef5856967d","83349723","1771819474","2026-02-23 13:04:34","0xc8f7787d062a91a5367dde72b35eeb5da807102d","0xe7a2c003d0e53986cf691d7430a95e088a5fe326","","0","7.9","0.88668729659701","0.0052951017","0.000594316381212561","0.11","","","Transfer"
"0xe8d73e83cc4d2e054ed8843d3c1e8149db5afc3e961955b27efb5c4d315fa6c0","83349803","1771819634","2026-02-23 13:07:14","0xc8f7787d062a91a5367dde72b35eeb5da807102d","0x65d4a5e60bbec6dc044852b6ca79c892bb4aa17e","","0","0","0","0.0088568782116","0.00099408625287754","0.11","","","Flush Tokens"
"0x2711d39caa6e6fc2a1e83a35c46029cb6d2b213520cd50e379b6641aeed4b21d","83350001","1771820030","2026-02-23 13:13:50","0xc8f7787d062a91a5367dde72b35eeb5da807102d","0xe910bc8d652f10e873a9b99f53bf5b8818b4670e","","0","0","0","0.0071577775016","0.000803381061080583","0.11","","","Flush Tokens"
"0xa6d6db8c8a7dde96fe059148542bfb06ef95bd865adf1e6d446ba540400302e1","83350026","1771820080","2026-02-23 13:14:40","0xc8f7787d062a91a5367dde72b35eeb5da807102d","0xc2132d05d31c914a87c6611c10748aeb04b58e8f","","0","0","0","0.009672793424","0.00108566367742632","0.11","","","Transfer"
"0xf5dcf7d6f75ae685992986d24f381129dc3562f04b1cf5db4057bc8ccedccd44","83350098","1771820224","2026-02-23 13:17:04","0xc8f7787d062a91a5367dde72b35eeb5da807102d","0x46c85569e806ca1b60be8bffdfde68c739da853c","","0","0","0","0.0072821906193","0.000817345052345725","0.11","","","Flush Tokens"
"0xabd19fe97be28440e724918d7fabc11b1da5bb8521a1a518f6821653cc729c37","83350111","1771820250","2026-02-23 13:17:30","0xc8f7787d062a91a5367dde72b35eeb5da807102d","0xd919d99b36b66b7d2c2bd51ba5c9fb78fc2c679b","","0","0","0","0.007988338776","0.000896602343492723","0.11","","","Flush Tokens"
"0x056773c21dbf7cc4a6bb7995063a499de9783143fccb18f941f338b06d9af4a3","83350131","1771820290","2026-02-23 13:18:10","0xc8f7787d062a91a5367dde72b35eeb5da807102d","0xaf6198bb98a1b42c40231ab9fdf1836842feef2f","","0","0","0","0.007848850464","0.000880946329027639","0.11","","","Flush Tokens"
"0x516309e6de1c804d60c3538d7ab65c9bdddd23c2ce46afc80f787f098937a7b8","83350323","1771820674","2026-02-23 13:24:34","0xc8f7787d062a91a5367dde72b35eeb5da807102d","0xffe0e2d2b081a7e89ded1c0db8cd26aba08c4b53","","0","0","0","0.0060331071829","0.00067714930355514","0.11","","","Flush Tokens"
"0xa4d35d365b690e20809cdcfb00922032f1d16fe1983117faa0ec2b7e98ea2b6d","83350336","1771820700","2026-02-23 13:25:00","0xc8f7787d062a91a5367dde72b35eeb5da807102d","0xc2132d05d31c914a87c6611c10748aeb04b58e8f","","0","0","0","0.0086317458528","0.000968817644953378","0.11","","","Transfer"
"0xfe765e926f9faa16c9fe8808610e9f787e489506baf92d4f1a551939b9a6a43a","83350550","1771821128","2026-02-23 13:32:08","0xc8f7787d062a91a5367dde72b35eeb5da807102d","0xc2132d05d31c914a87c6611c10748aeb04b58e8f","","0","0","0","0.0128268844396","0.00143967537816597","0.11","","","Transfer"
"0xbc71cd71baf266669ba17d1b975dd91b3aa3939a38439703e61cb0137ec5224a","83350569","1771821166","2026-02-23 13:32:46","0xc8f7787d062a91a5367dde72b35eeb5da807102d","0xc2132d05d31c914a87c6611c10748aeb04b58e8f","","0","0","0","0.013017884028","0.00146111296154439","0.11","","","Transfer"
"0xfe55f6adb9b51d839516778ab2938bd983d9da0144e336cb2b571c4bb856650a","83350612","1771821252","2026-02-23 13:34:12","0xc8f7787d062a91a5367dde72b35eeb5da807102d","0xc2132d05d31c914a87c6611c10748aeb04b58e8f","","0","0","0","0.0130477745076","0.00146446783604446","0.11","","","Transfer"
"0x547a37a6e65ca1de3254b4dd681d48c0acf8b11c3bbc80f3b005a401ee8396ad","83350659","1771821346","2026-02-23 13:35:46","0xc8f7787d062a91a5367dde72b35eeb5da807102d","0xc2132d05d31c914a87c6611c10748aeb04b58e8f","","0","0","0","0.0139263471232","0.00156307785849896","0.11","","","Transfer"
"0xfd8874009575fb2e049ee013effed421333e1699b87d9ff686f733da7e7225f4","83350695","1771821418","2026-02-23 13:36:58","0xc8f7787d062a91a5367dde72b35eeb5da807102d","0x98965474ecbec2f532f1f780ee37b0b05f77ca55","","0","0","0","0.011709829756","0.00131429839113403","0.11","","","Transfer"
"0x42d4605be5c41a8280b4a6fa02d4f3e487e07550ca7c84c5f719d97d3c30864c","83350850","1771821728","2026-02-23 13:42:08","0xc8f7787d062a91a5367dde72b35eeb5da807102d","0xc2132d05d31c914a87c6611c10748aeb04b58e8f","","0","0","0","0.011708252458","0.00131412135694422","0.11","","","Transfer"
"0xdca87d91cbb5a10dad109f78dc484079aa42a344f32413dfb91678ce6230c139","83350864","1771821756","2026-02-23 13:42:36","0xc8f7787d062a91a5367dde72b35eeb5da807102d","0xc2132d05d31c914a87c6611c10748aeb04b58e8f","","0","0","0","0.015943996282","0.00178953657724549","0.11","","","Transfer"
"0x8c19e0468eb7c93656025688abba2e4e6883cc59489bedb2aacb927b3e00e227","83350898","1771821824","2026-02-23 13:43:44","0xc8f7787d062a91a5367dde72b35eeb5da807102d","0x369d95f5d5bc0fb9db63db69e4b0c63a0251e324","","0","0","0","0.0069866193283","0.000784170456273765","0.11","","","Flush Tokens"
"0x77e217d1602579dffe057c5ed1afc6d3010fad1b4eeef0c94c3404163ea33d73","83350916","1771821860","2026-02-23 13:44:20","0xc8f7787d062a91a5367dde72b35eeb5da807102d","0x69e4c4d5860ee52cba213407203aa4c0c3f5e343","","0","0","0","0.0067266180792","0.000754988202517268","0.11","","","Flush Tokens"
"0x2bb5845a0ed58eb2aba061a82987fcb53926ad775a20382d7b7b287613dfacdb","83351101","1771822230","2026-02-23 13:50:30","0xc8f7787d062a91a5367dde72b35eeb5da807102d","0x2deabcec4c2fe178690ca34829a1113d05602dad","","0","0","0","0.0056335460688","0.000632303004303669","0.11","","","Flush Tokens"
"0x451ac90f4900255026c5d9b2bd163ad799bec75d87a204042bf318bc771c195d","83351120","1771822268","2026-02-23 13:51:08","0xc8f7787d062a91a5367dde72b35eeb5da807102d","0x98965474ecbec2f532f1f780ee37b0b05f77ca55","","0","0","0","0.0098033056919","0.00110031223059049","0.11","","","Transfer"
"0xe339e83a3d500980b631e5f1cd5460f670ade3a69ad26b394bb972fa1930c8a9","83351142","1771822312","2026-02-23 13:51:52","0xc8f7787d062a91a5367dde72b35eeb5da807102d","0x98965474ecbec2f532f1f780ee37b0b05f77ca55","","0","0","0","0.0066344455464","0.000744642858981961","0.11","","","Transfer"
"0x40e66f0bf86032c6341f75f4d82d67b54de5e83758a092bfc9bf16f2271695cc","83351148","1771822324","2026-02-23 13:52:04","0xc8f7787d062a91a5367dde72b35eeb5da807102d","0xb1bf20eba7ff48f8287bb5c6c10d81cc31f6653e","","0","0","0","0.0049804620976","0.000559001578876559","0.11","","","Flush Tokens"
"0x61df61318026e6f21f39d5d50faed1c50f26c1ab81d1deed41a2799fba513538","83351158","1771822344","2026-02-23 13:52:24","0xc8f7787d062a91a5367dde72b35eeb5da807102d","0x98965474ecbec2f532f1f780ee37b0b05f77ca55","","0","0","0","0.0064899674249","0.000728426793795853","0.11","","","Transfer"
"0x46073f861eb23a4699371f5bb9d44467026109a2e351085de1f3ef0edd235e18","83351179","1771822386","2026-02-23 13:53:06","0xc8f7787d062a91a5367dde72b35eeb5da807102d","0x23acf0b711e22d4e694861d18bcf3c34606e7ca2","","0","0","0","0.0051038641608","0.000572852090498496","0.11","","","Flush Tokens"
"0x859bec80667f15d8d3c99d99be739713fe26c9b52369a14980b0819c016bc2ac","83351181","1771822390","2026-02-23 13:53:10","0xc8f7787d062a91a5367dde72b35eeb5da807102d","0x98965474ecbec2f532f1f780ee37b0b05f77ca55","","0","0","0","0.0066983389655","0.000751814185950583","0.11","","","Transfer"
"0x67b4147c5fc18002d47a16245adf3fedc0c7bdff0a51283e81b8e083e58ec308","83351303","1771822634","2026-02-23 13:57:14","0xc8f7787d062a91a5367dde72b35eeb5da807102d","0x7de1a84f337cdb38ceb63ed6ebe6a9d85d1ce9d5","","0","0","0","0.0055178373744","0.000619315987920086","0.11","","","Flush Tokens"
"0x5fe3c2491de8bf6f401611d3ce8a562212d034edc70a52044ae3f166513a2c8c","83351363","1771822754","2026-02-23 13:59:14","0xc8f7787d062a91a5367dde72b35eeb5da807102d","0xa6e50acdd594c06605a97dbc8ac2c950a4a0984f","","0","0","0","0.0045758825648","0.000513592017838975","0.11","","","Flush Tokens"
"0xa81e40a75df64479c0ddcb9548c2f1edca08a6db2b84f34d1f4967b8f8e82b88","83351414","1771822856","2026-02-23 14:00:56","0xc8f7787d062a91a5367dde72b35eeb5da807102d","0xc2132d05d31c914a87c6611c10748aeb04b58e8f","","0","0","0","0.0240588968956","0.00270034408195769","0.11","","","Transfer"
"0x88e863487dfee7aaf03cdd2ff835598388a41714fed259befcc131b64a0cf3a8","83351611","1771823250","2026-02-23 14:07:30","0xc8f7787d062a91a5367dde72b35eeb5da807102d","0x8d320a01a06b87899d578a27c7a4f4f63a400f69","","0","0","0","0.0075038183849","0.000842220308590117","0.11","","","Flush Tokens"
"0xd8fc6da29d3ddc388569864a769f78338a57ff458bae32afb439943b1b89acee","83351674","1771823376","2026-02-23 14:09:36","0xc8f7787d062a91a5367dde72b35eeb5da807102d","0xc2132d05d31c914a87c6611c10748aeb04b58e8f","","0","0","0","0.010723152986","0.00120355487748766","0.11","","","Transfer"
"0x7c2bcafba119eba2c0c03d067b545ec0e995a4ab014818d1cff839d1de11d51a","83351741","1771823510","2026-02-23 14:11:50","0xc8f7787d062a91a5367dde72b35eeb5da807102d","0x98965474ecbec2f532f1f780ee37b0b05f77ca55","","0","0","0","0.0120722430605","0.00135497526116162","0.11","","","Transfer"
"0xe19cd03fd52383a546dfba46fad246a043ec78bde0b8bc82425d6fb7f9882078","83352018","1771824064","2026-02-23 14:21:04","0xc8f7787d062a91a5367dde72b35eeb5da807102d","0x8f56189e4b72d0332d422b392758a9ce47e4b46b","","0","0","0","0.0081816754933","0.000918302243644074","0.11","","","Flush Tokens"
"0x28f6ffd3a8fc652af5fd3bf827391835653e6d0877fe95daba0777a1ecc6ac79","83352042","1771824112","2026-02-23 14:21:52","0xc8f7787d062a91a5367dde72b35eeb5da807102d","0x98965474ecbec2f532f1f780ee37b0b05f77ca55","","0","0","0","0.010671999593","0.00119781347701286","0.11","","","Transfer"
"0xbdc29cf2ac0ab9dd6bbdf8b1652ff78c035cabe17017a5531327e831e3f19a6c","83352410","1771824848","2026-02-23 14:34:08","0xc8f7787d062a91a5367dde72b35eeb5da807102d","0x98965474ecbec2f532f1f780ee37b0b05f77ca55","","0","0","0","0.0083881061997","0.000941471798706407","0.11","","","Transfer"
"0x34b3906f0aa9967bde2388e96e0db310e72f112cf02d415bda41c85d11b4308a","83352543","1771825114","2026-02-23 14:38:34","0xc8f7787d062a91a5367dde72b35eeb5da807102d","0x15b2d10934cab09b5022c2cd6ef863e63ca9fe9e","","0","0","0","0.0078443209728","0.000880437943925476","0.11","","","Flush Tokens"
"0x4a922d14c60464a0b70590c65ca359ba9b77a9615b28f614d10a1f17a6dd6299","83352633","1771825294","2026-02-23 14:41:34","0xc8f7787d062a91a5367dde72b35eeb5da807102d","0xccebfcb7e1a43ddb9f9e954d172bde483df23fb8","","0","0","0","0.009942938871","0.00111598450477928","0.11","","","Flush Tokens"
"0xbf5a162bfcc0442316ff06a260481ec2a17fcc9d4caff9261311d07a8d0c093a","83352751","1771825530","2026-02-23 14:45:30","0xc8f7787d062a91a5367dde72b35eeb5da807102d","0x96ec42b622b0d76336f39999716ed2d2b55138fc","","0","0","0","0.0090917950399","0.00102045305887887","0.11","","","Flush Tokens"
"0x289aea9f3ffe268545b302236784b7237d938b1663a38717dd3d6960912a3b3a","83352857","1771825742","2026-02-23 14:49:02","0xc8f7787d062a91a5367dde72b35eeb5da807102d","0x4dd0500a85c6501c35ba3727b4fb3d5ada7985ee","","0","0","0","0.0088980197682","0.000998703935864812","0.11","","","Flush Tokens"
"0xc276b6ee91a68a219ea435907b5fea17f8691b4d042f725903018de121dde2ca","83352867","1771825762","2026-02-23 14:49:22","0xc8f7787d062a91a5367dde72b35eeb5da807102d","0xc2132d05d31c914a87c6611c10748aeb04b58e8f","","0","0","0","0.0134168156704","0.00150588860958574","0.11","","","Transfer"
"0x72bc3e30b7647c59e530601406214ed5f1abe7f589e9e8577d4fcfd24e13b690","83353000","1771826028","2026-02-23 14:53:48","0xc8f7787d062a91a5367dde72b35eeb5da807102d","0x98965474ecbec2f532f1f780ee37b0b05f77ca55","","0","0","0","0.0093855270817","0.00105342121964691","0.11","","","Transfer"
"0x4723e422aadbdb65c755066de50cd2c3d96408f8ead0392e7be0743c159bba59","83353204","1771826436","2026-02-23 15:00:36","0xc8f7787d062a91a5367dde72b35eeb5da807102d","0x25ea6c60102135ddf1c934de618dc0e785ff81bb","","0","0","0","0.0068454906348","0.000768330327196324","0.11","","","Flush Tokens"
"0x5b30fe820df2b22994182ab08134bf23951878e25ac5ead3d3f78df79ff72e35","83353208","1771826444","2026-02-23 15:00:44","0xc8f7787d062a91a5367dde72b35eeb5da807102d","0xe910bc8d652f10e873a9b99f53bf5b8818b4670e","","0","0","0","0.0095116497284","0.00106757708656363","0.11","","","Flush Tokens"
"0x0c027d8d87307edf305758778dad22b7c15fe4c10cc06151a2e2f77252875b0f","83353357","1771826742","2026-02-23 15:05:42","0xc8f7787d062a91a5367dde72b35eeb5da807102d","0xc2132d05d31c914a87c6611c10748aeb04b58e8f","","0","0","0","0.0085978716656","0.000965015643501126","0.11","","","Transfer"
"0x76c0125419dd2fe147e78bfb42f3e1dda61be622c0deab7935a9e94999e959a2","83353620","1771827268","2026-02-23 15:14:28","0xc8f7787d062a91a5367dde72b35eeb5da807102d","0x98965474ecbec2f532f1f780ee37b0b05f77ca55","","0","0","0","0.0096004022169","0.00107753856809456","0.11","","","Transfer"
"0x50cad7c73ab34f92a610cd780d183d71d8ba964bb53ceeb65d85f7bddb943e9f","83353633","1771827294","2026-02-23 15:14:54","0xc8f7787d062a91a5367dde72b35eeb5da807102d","0x69e4c4d5860ee52cba213407203aa4c0c3f5e343","","0","0","0","0.006839192321","0.000767623411394243","0.11","","","Flush Tokens"
"0x39620c6986ffec93ae3f8fff5aa7d49bd353c282d8d201c4492a6fe454c69698","83353659","1771827346","2026-02-23 15:15:46","0xc8f7787d062a91a5367dde72b35eeb5da807102d","0x98965474ecbec2f532f1f780ee37b0b05f77ca55","","0","0","0","0.0162064905335","0.00181899864284483","0.11","","","Transfer"
"0x64642e95e4b6fa657e37407843bfdecaefe69dd719b8697bf31bc83f82e55d6d","83353706","1771827440","2026-02-23 15:17:20","0xc8f7787d062a91a5367dde72b35eeb5da807102d","0x355c95debfc2202aec309d937d8a4d3562b8b9c2","","0","0","0","0.0081516775968","0.000914935312789494","0.11","","","Flush Tokens"
"0x7e09ab1bd37b455ae4fd7bb3418a62f90f1dc8c12dd870f691ddcea4d36a35b0","83353781","1771827590","2026-02-23 15:19:50","0xc8f7787d062a91a5367dde72b35eeb5da807102d","0xb075ac4208f0dd8de85e028b66c87948ccd37656","","0","0","0","0.0086133793117","0.000966756204614669","0.11","","","Flush Tokens"
"0x6dc9270ead0ae995fe967086a3e3ae52bbad82889c9dcb9f8fe398ca0963a66d","83353841","1771827710","2026-02-23 15:21:50","0xc8f7787d062a91a5367dde72b35eeb5da807102d","0x98965474ecbec2f532f1f780ee37b0b05f77ca55","","0","0","0","0.0110783904563","0.00124342633979022","0.11","","","Transfer"
"0x5fb0e5c3fb81b9f7190588acc27bca52e7f8541166c256b35a977be78c8c3e4a","83353958","1771827944","2026-02-23 15:25:44","0xc8f7787d062a91a5367dde72b35eeb5da807102d","0xc2132d05d31c914a87c6611c10748aeb04b58e8f","","0","0","0","0.0106167316488","0.00119161026384435","0.11","","","Transfer"
"0x45c16ba18288f962f7eec4d75014981150361eb2f2b17e47ff4e2e51113ea4cf","83354058","1771828144","2026-02-23 15:29:04","0xc8f7787d062a91a5367dde72b35eeb5da807102d","0x98b0246080496ae8e8cb4e5fdb79f5717b4dc4f0","","0","0","0","0.0070266074876","0.000788658683218779","0.11","","","Flush Tokens"
"0x046c6faa3aa3cc23ffc8f175c8660a03170abe1b3c8e060eb77fe7e28c71644b","83354077","1771828182","2026-02-23 15:29:42","0xc8f7787d062a91a5367dde72b35eeb5da807102d","0x98965474ecbec2f532f1f780ee37b0b05f77ca55","","0","0","0","0.0090605669545","0.00101694805297744","0.11","","","Transfer"
"0xf31d0e9bee4d22fe71af6378a572f3a24fe2c936b7a3684370268f4efd94354f","83354142","1771828312","2026-02-23 15:31:52","0xc8f7787d062a91a5367dde72b35eeb5da807102d","0xc2132d05d31c914a87c6611c10748aeb04b58e8f","","0","0","0","0.0101308536784","0.00113707585573676","0.11","","","Transfer"
"0xc33e34f7f0ab77868e3511810b9583ee6bdfcdd199b210d69c08c03b775e1f80","83354181","1771828390","2026-02-23 15:33:10","0xc8f7787d062a91a5367dde72b35eeb5da807102d","0x69e4c4d5860ee52cba213407203aa4c0c3f5e343","","0","0","0","0.0067120398179","0.000753351954529777","0.11","","","Flush Tokens"
"0xb2f3003a527bbbcae2453fd5235a608e134cf9076a1e277d24e1133799f329ff","83354234","1771828496","2026-02-23 15:34:56","0xc8f7787d062a91a5367dde72b35eeb5da807102d","0xc2132d05d31c914a87c6611c10748aeb04b58e8f","","0","0","0","0.010536215088","0.00118257317376498","0.11","","","Transfer"
"0x64a51c4664cfb54a66cb01ad0cfea712422c5e5b314393561f792c85fbb9ea11","83354393","1771828814","2026-02-23 15:40:14","0xc8f7787d062a91a5367dde72b35eeb5da807102d","0x900db09abf051ab982bf4685abd75153618baff4","","0","0","0","0.007537048844","0.000845950058709618","0.11","","","Flush Tokens"
"0x2dc79ac3eb11c98bbb4437debf78d5595896810dcdafa587d433408e29d182b6","83354441","1771828910","2026-02-23 15:41:50","0xc8f7787d062a91a5367dde72b35eeb5da807102d","0xe910bc8d652f10e873a9b99f53bf5b8818b4670e","","0","0","0","0.0089067897168","0.000999688265233853","0.11","","","Flush Tokens"
"0x9d7933cb0deefa7816c9afcbaadd83980e9191c6db685422f58b85f5f94072c2","83354461","1771828950","2026-02-23 15:42:30","0xc8f7787d062a91a5367dde72b35eeb5da807102d","0x9f55fc6b7880cdc65171901c380c1c8119e61d3d","","0","0","0","0.0074520210682","0.000836406634828636","0.11","","","Flush Tokens"
"0xfac29860e4c6e344510230b728c5ea99d34aeed38a468e81c0726bdd5e616b5c","83354473","1771828974","2026-02-23 15:42:54","0xc8f7787d062a91a5367dde72b35eeb5da807102d","0xc2132d05d31c914a87c6611c10748aeb04b58e8f","","0","0","0","0.0105031640784","0.00117886356485966","0.11","","","Transfer"
"0xc47ffa6ab65fb4ecbca3633e93c9ae9a7d32b6a325157350f3b669183bbe5395","83354483","1771828994","2026-02-23 15:43:14","0xc8f7787d062a91a5367dde72b35eeb5da807102d","0xcfff6648487db784946e9311f90d862c9480cc19","","0","0","0","0.0078292729008","0.000878748964902606","0.11","","","Flush Tokens"
"0xad3385189fd30739c693cae6c86479f09887efde298bcd16c61d6dfd729809cb","83354656","1771829340","2026-02-23 15:49:00","0xc8f7787d062a91a5367dde72b35eeb5da807102d","0xa6e50acdd594c06605a97dbc8ac2c950a4a0984f","","0","0","0","0.0069203449951","0.000776731898129604","0.11","","","Flush Tokens"
"0x14353835affc8c054e0ef4fc591295105e9eee8a68b5c4e5595d476dd2942ee9","83354666","1771829360","2026-02-23 15:49:20","0xc8f7787d062a91a5367dde72b35eeb5da807102d","0x1a71318216407c50ea8e73b9dba715b92ebc4173","","0","0","0","0.0077042856384","0.000864720532268869","0.11","","","Flush Tokens"
"0xb799e7e23fa830aa1a65069e138faf19c30d8b4b9c2b9f7eace44cc749c94b08","83354689","1771829406","2026-02-23 15:50:06","0xc8f7787d062a91a5367dde72b35eeb5da807102d","0xc2132d05d31c914a87c6611c10748aeb04b58e8f","","0","0","0","0.0096600502544","0.00108423339810952","0.11","","","Transfer"
"0x981e69a90c05cd613fb2882eb75a6faeaabccec7ef5a5e64eb351f3aef2660e5","83354731","1771829490","2026-02-23 15:51:30","0xc8f7787d062a91a5367dde72b35eeb5da807102d","0x60e82afff8739657702bac573532fe3fb2995432","","0","0","0","0.0080806247279","0.000906960417062861","0.11","","","Flush Tokens"
"0x29555aca81c4eef0607a4ee7a591316aa55eeb43b43558cae01b559c8ddba02a","83354746","1771829520","2026-02-23 15:52:00","0xc8f7787d062a91a5367dde72b35eeb5da807102d","0x1417c7ae72663a983d60fdc31ada1c4f9af88ba1","","0","0","0","0.007799384134","0.000875394282645326","0.11","","","Flush Tokens"
"0x43f6e9eb1a5f9c647fabe9a8a1e76aaefaaedee7d6a37966a139989295fbc031","83354782","1771829592","2026-02-23 15:53:12","0xc8f7787d062a91a5367dde72b35eeb5da807102d","0xc2132d05d31c914a87c6611c10748aeb04b58e8f","","0","0","0","0.011872851732","0.00133259579811952","0.11","","","Transfer"
"0x99d773c6865c1fe094419fc03ee2527078817e33464b2577647f36f70f5877ca","83354878","1771829784","2026-02-23 15:56:24","0xc8f7787d062a91a5367dde72b35eeb5da807102d","0xc2132d05d31c914a87c6611c10748aeb04b58e8f","","0","0","0","0.0132007983128","0.0014816430593543","0.11","","","Transfer"
"0x97abc06325585a5f5930306eac1316686cd3150851303a48c4416a959eae3e77","83354883","1771829794","2026-02-23 15:56:34","0xc8f7787d062a91a5367dde72b35eeb5da807102d","0x8f297ec8ed66e0e07a43fb3a0f7475a906773682","","0","0","0","0.0099818059536","0.00112034690331057","0.11","","","Flush Tokens"
"0x198857e9ad5dc1a9c70697731b1fe68f814c48cd9534076a357545789a5e29dc","83355011","1771830050","2026-02-23 16:00:50","0xc8f7787d062a91a5367dde72b35eeb5da807102d","0x7a437cbf6cf4c20fa6e3c054b6f99feec7b26d7a","","0","0","0","0.0147044875932","0.00165041548757706","0.11","","","Flush Tokens"
"0x6b7693c740d8be133ceca72802da3640682b19e6e576bdd8902b7dcc1af86c1f","83355108","1771830244","2026-02-23 16:04:04","0xc8f7787d062a91a5367dde72b35eeb5da807102d","0x98965474ecbec2f532f1f780ee37b0b05f77ca55","","0","0","0","0.0117833567645","0.00132255098156362","0.11","","","Transfer"
"0x2b3060bd3afc8000219c99ecdfc0b8f2858b95f9e6e31c2d4adfd6c286a34dae","83355114","1771830256","2026-02-23 16:04:16","0xc8f7787d062a91a5367dde72b35eeb5da807102d","0xc2132d05d31c914a87c6611c10748aeb04b58e8f","","0","0","0","0.01347308837","0.00151220459539341","0.11","","","Transfer"
"0x9d6468e56cbca1dde990e0a36198f773bcad152e725f8fde72f931e2037c769d","83355228","1771830484","2026-02-23 16:08:04","0xc8f7787d062a91a5367dde72b35eeb5da807102d","0x9dacfe7db4fa936f0e1d7e665134b058f999ed79","","0","0","0","0.0081767029655","0.000917744132602019","0.11","","","Flush Tokens"
"0x5f7c02fba9ce36e52d67e23752a6402c32f2b651ade63a81d5d131c9d20a48df","83355348","1771830724","2026-02-23 16:12:04","0xc8f7787d062a91a5367dde72b35eeb5da807102d","0x0407cc401881db5c66ee501500d598e2e11f949c","","0","0","0","0.0081470046703","0.000914410828667281","0.11","","","Flush Tokens"
"0x59c8be326050df497512bbc4d13dd67ca4c27a03f5ad070b6b9892594f58f67e","83355384","1771830796","2026-02-23 16:13:16","0xc8f7787d062a91a5367dde72b35eeb5da807102d","0xc2132d05d31c914a87c6611c10748aeb04b58e8f","","0","0","0","0.0116561163096","0.00130826965308602","0.11","","","Transfer"
"0x457db89a845ff22b9c6357bce5f7d52751edbc470b10a645d01fe53a2556fe95","83355504","1771831036","2026-02-23 16:17:16","0xc8f7787d062a91a5367dde72b35eeb5da807102d","0x98965474ecbec2f532f1f780ee37b0b05f77ca55","","0","0","0","0.0081740013603","0.00091744090741072","0.11","","","Transfer"
"0x09a4e55279a3261bde78156abebb11f11694cef9f7a7f1f71fee071fd12db898","83355518","1771831064","2026-02-23 16:17:44","0xc8f7787d062a91a5367dde72b35eeb5da807102d","0xd1f700d8ab5b60000eb1356f039aa811e8519ff6","","0","0","0","0.0068557724352","0.000769484345145796","0.11","","","Flush Tokens"
"0x77033f629a9ca08d2f17d2b0f5707ec35cd4ef2957b18bda497f0c0bccabf05e","83355573","1771831174","2026-02-23 16:19:34","0xc8f7787d062a91a5367dde72b35eeb5da807102d","0xc2132d05d31c914a87c6611c10748aeb04b58e8f","","0","0","0","0.0090970915448","0.0010210475327537","0.11","","","Transfer"
"0x8155f6d5e278865845a6a2de846bd17958cbe33761fcecc2fccace6c7b3c161d","83355590","1771831208","2026-02-23 16:20:08","0xc8f7787d062a91a5367dde72b35eeb5da807102d","0x0b18a7eb75555e8ebbd7a8ee178c42a7ab5161a2","","0","0","0","0.0062058038729","0.000696532589781387","0.11","","","Flush Tokens"
"0x73e7db435c71a6efdbedf5deb597907fdf7173575e8388129165e583dfe43329","83355606","1771831240","2026-02-23 16:20:40","0xc8f7787d062a91a5367dde72b35eeb5da807102d","0xc2132d05d31c914a87c6611c10748aeb04b58e8f","","0","0","0","0.009418437728","0.00105711507433008","0.11","","","Transfer"
"0xe622fbff861f7905f3dacce2635e3fbfef310ea75b34761cb83ee7f3a5eb8d11","83355703","1771831434","2026-02-23 16:23:54","0xc8f7787d062a91a5367dde72b35eeb5da807102d","0xd2df4a2ac49a97d7e1cf1e6e4b9f311e6efa56dc","","0","0","0","0.0071802060693","0.000805898418809755","0.11","","","Flush Tokens"
"0x843019a8201da34451aef6164a6bd679e0acc248b60808fdffd559ff0ee0a2de","83355773","1771831574","2026-02-23 16:26:14","0xc8f7787d062a91a5367dde72b35eeb5da807102d","0x0b18a7eb75555e8ebbd7a8ee178c42a7ab5161a2","","0","0","0","0.0073749704587","0.000827758559304749","0.11","","","Flush Tokens"
"0x91b1095ac6f0bb30a39f1d545cdb677d5c19613d25da9e871cc3edce2e6635e4","83355808","1771831644","2026-02-23 16:27:24","0xc8f7787d062a91a5367dde72b35eeb5da807102d","0x4c92b87f2dede1e43b1959bd1e35bdb1d880b3c4","","0","0","0","0.0078985027354","0.000886519245267837","0.11","","","Flush Tokens"
"0x3f43924646206bb1fb1a0b1d1967ba069c088d9d0e1f718fe27301a28b5612d7","83355899","1771831826","2026-02-23 16:30:26","0xc8f7787d062a91a5367dde72b35eeb5da807102d","0xb8eff270684da0ea61abfc36a86c381781799472","","0","0","0","0.0083551772125","0.000937775885460831","0.11","","","Flush Tokens"
"0xe248d509f05f68b0f24822492a6383fef64383090e39538783bec6e48059eca4","83355921","1771831870","2026-02-23 16:31:10","0xc8f7787d062a91a5367dde72b35eeb5da807102d","0xd9541c524b54481629de6f141c1d9147fc27a5ef","","0","0","0","0.0113157257793","0.00127006459497223","0.11","","","Flush Tokens"
"0x9298bd0178c33ea6089173d28692cbc2eb427de26cf1a4d46a62726bb76928d2","83355931","1771831890","2026-02-23 16:31:30","0xc8f7787d062a91a5367dde72b35eeb5da807102d","0x5855ae69a279d15e094633f99b2c7651edbd63b1","","0","0","0","0.0140317382592","0.00157490684349454","0.11","","","Flush Tokens"
"0xfac0c75f52a95b09324db5490dc894313f015590da78d25bc77d4314dd416ce1","83356029","1771832086","2026-02-23 16:34:46","0xc8f7787d062a91a5367dde72b35eeb5da807102d","0x98965474ecbec2f532f1f780ee37b0b05f77ca55","","0","0","0","0.0102286613645","0.00114805368267023","0.11","","","Transfer"
"0xed85cef907c1abd7e597f3317d0d384aa97ce9ce00f8b1f78a45a72e93ed4ac8","83356212","1771832452","2026-02-23 16:40:52","0xc8f7787d062a91a5367dde72b35eeb5da807102d","0xc2132d05d31c914a87c6611c10748aeb04b58e8f","","0","0","0","0.017787434764","0.0019964420815553","0.11","","","Transfer"
"0x307ade12d194da1c2738907a3ae32b7f0486129b1d2ab431aaa5033d0fabc5ae","83356344","1771832716","2026-02-23 16:45:16","0xc8f7787d062a91a5367dde72b35eeb5da807102d","0xb6d7a67b274a703945391d4d31d83f14de82aefd","","0","1","0.112238898303419","0.0053354805","0.000598848453239375","0.11","","","Transfer"
"0x7173aa380d1fcda5feb7f3a004e6881526b0541df94bed2f048fe0318a9958ec","83356353","1771832734","2026-02-23 16:45:34","0xc8f7787d062a91a5367dde72b35eeb5da807102d","0x0133eefc950231dad3145d1ca17cbb3d953ccbd6","","0","0","0","0.0074753880835","0.000839029322882547","0.11","","","Flush Tokens"
"0x65658fd7eb23e37e9df2ca2d64c268571f063a9f94a2402a4f6edfb12ade95b2","83356418","1771832864","2026-02-23 16:47:44","0xc8f7787d062a91a5367dde72b35eeb5da807102d","0x011da3b010276e4873be8fd6a647c9e0d4fadfc5","","0","0","0","0.0080323434594","0.000901541380677729","0.11","","","Flush Tokens"
"0xd01a7756b1ecf32974ff82605de161b6abc41740a4ee27c3d6caa8508abc64b6","83356741","1771833510","2026-02-23 16:58:30","0xc8f7787d062a91a5367dde72b35eeb5da807102d","0x2b96ca5351699509d7f9820e92454cb290cd82a8","","0","0","0","0.007782087756","0.000873452956233966","0.11","","","Flush Tokens"
"0x7cb228da153f490cc6309f117a713d88dfda63587e22473e202bc721547cc9ef","83356796","1771833620","2026-02-23 17:00:20","0xc8f7787d062a91a5367dde72b35eeb5da807102d","0xc2132d05d31c914a87c6611c10748aeb04b58e8f","","0","0","0","0.0136191313552","0.0015285962991572","0.11","","","Transfer"
"0x86ddd81e392816642df82d1c86aae8e04b149c09f2501a094888a46755c8000c","83356917","1771833862","2026-02-23 17:04:22","0xc8f7787d062a91a5367dde72b35eeb5da807102d","0xc2132d05d31c914a87c6611c10748aeb04b58e8f","","0","0","0","0.0259950217156","0.0029176525987324","0.11","","","Transfer"
"0xdee7922332043c1fd5917b96ff08fd53c1ed080896cdb482c96da98ba9f94645","83356975","1771833978","2026-02-23 17:06:18","0xc8f7787d062a91a5367dde72b35eeb5da807102d","0xc2132d05d31c914a87c6611c10748aeb04b58e8f","","0","0","0","0.0181387426864","0.00203587249573073","0.11","","","Transfer"
"0x2190e810448764e39f73b1c910ba983d61388610a1b3492eda16c07ececb8b0f","83357003","1771834034","2026-02-23 17:07:14","0xc8f7787d062a91a5367dde72b35eeb5da807102d","0x15fa52dcff84f26047987efedb704a9ce5984e56","","0","0","0","0.0121145808942","0.00135972721297266","0.11","","","Flush Tokens"
"0x1d5fcd0aa1764eb62e426303d96402c963e21fc4d69c4d60d38dd03a603c1107","83357030","1771834088","2026-02-23 17:08:08","0xc8f7787d062a91a5367dde72b35eeb5da807102d","0x98965474ecbec2f532f1f780ee37b0b05f77ca55","","0","0","0","0.0159517902319","0.0017904113615957","0.11","","","Transfer"
"0x06a62ca9ad83a998b83250e3e357b00a4bd752037ca03fce95773341a9841c03","83357059","1771834146","2026-02-23 17:09:06","0xc8f7787d062a91a5367dde72b35eeb5da807102d","0xc2132d05d31c914a87c6611c10748aeb04b58e8f","","0","0","0","0.0319249356412","0.00358321960477584","0.11","","","Transfer"
"0x3cdd3f8d191baf74dfc1047f7be75a8f8c8b5721ce8f12bb1dfcdd53d001889a","83357116","1771834260","2026-02-23 17:11:00","0xc8f7787d062a91a5367dde72b35eeb5da807102d","0xc2132d05d31c914a87c6611c10748aeb04b58e8f","","0","0","0","0.0209232860144","0.00234840657114359","0.11","","","Transfer"
"0xf096196bbd3ed5da075938e87c558c3e9d00e075d6a0d8c179f429e0f3b15dea","83357273","1771834574","2026-02-23 17:16:14","0xc8f7787d062a91a5367dde72b35eeb5da807102d","0x15fa52dcff84f26047987efedb704a9ce5984e56","","0","0","0","0.0088882602308","0.000997608536139085","0.11","","","Flush Tokens"
"0x5e721ee0139fc9d781a7163be1138df6b28c370ecaae465e3c08fb6f6119b7d9","83357428","1771834884","2026-02-23 17:21:24","0xc8f7787d062a91a5367dde72b35eeb5da807102d","0x011da3b010276e4873be8fd6a647c9e0d4fadfc5","","0","0","0","0.0065779892524","0.000738306266741107","0.11","","","Flush Tokens"
"0x13eb11a2ff5b88961f17bf565505a22b9486e7b41ed2244bc1bc7ec394d5164f","83357447","1771834922","2026-02-23 17:22:02","0xc8f7787d062a91a5367dde72b35eeb5da807102d","0xc2132d05d31c914a87c6611c10748aeb04b58e8f","","0","0","0","0.0094880386188","0.00106492700163441","0.11","","","Transfer"
"0x749f0e2b57a317b0e33c2178aa040d94b4b3afe190195ebff7e92d5e05c92410","83357523","1771835074","2026-02-23 17:24:34","0xc8f7787d062a91a5367dde72b35eeb5da807102d","0x15fa52dcff84f26047987efedb704a9ce5984e56","","0","0","0","0.0053558532799","0.000601135071610729","0.11","","","Flush Tokens"
"0x669b7a2887552e5d1d7deae6374b29a8fafc0afe265c461e987578691d6fef3f","83357598","1771835224","2026-02-23 17:27:04","0xc8f7787d062a91a5367dde72b35eeb5da807102d","0xaf6198bb98a1b42c40231ab9fdf1836842feef2f","","0","0","0","0.0055313266032","0.000620830004099561","0.11","","","Flush Tokens"
"0x0c4d0f2f7d7943ea097dc79a7bceb0daf04a4d49c70173473cacd0c817db1e86","83357599","1771835226","2026-02-23 17:27:06","0xc8f7787d062a91a5367dde72b35eeb5da807102d","0xc2132d05d31c914a87c6611c10748aeb04b58e8f","","0","0","0","0.0072312752168","0.000811630363662449","0.11","","","Transfer"
"0x0ce966ed444b2ab48d4eb4e8deb3312414442905630bb263d573e6fc4d2c1821","83357658","1771835344","2026-02-23 17:29:04","0xc8f7787d062a91a5367dde72b35eeb5da807102d","0x0ef3800852762505f1bcc3d141f62e31d15d80c4","","0","0","0","0.0043673395723","0.000490185382111877","0.11","","","Flush Tokens"
"0x22ca479ddb4d9b5c3e01051bc9e203269e305c9b0c9bef64c95ba7fabeaa443a","83357804","1771835636","2026-02-23 17:33:56","0xc8f7787d062a91a5367dde72b35eeb5da807102d","0x15fa52dcff84f26047987efedb704a9ce5984e56","","0","0","0","0.0047011439846","0.000527651221597249","0.11","","","Flush Tokens"
"0xe412ea597c6671c923fe0652115ce6f54ba38288ee0dc76c59c1e8b744fb2590","83357809","1771835646","2026-02-23 17:34:06","0xc8f7787d062a91a5367dde72b35eeb5da807102d","0xc2132d05d31c914a87c6611c10748aeb04b58e8f","","0","0","0","0.0155431807328","0.0017445494815804","0.11","","","Transfer"
"0x8118dca1dfc735de54ec216f9d444ab63abe4ca63751c04df33da53a89a5ce7c","83357873","1771835774","2026-02-23 17:36:14","0xc8f7787d062a91a5367dde72b35eeb5da807102d","0xd9541c524b54481629de6f141c1d9147fc27a5ef","","0","0","0","0.0105362523587","0.00118257735698729","0.11","","","Flush Tokens"
"0x1d72aa8c0794434a8b841ea382361f38f9d67c4206ba51452f1838a84e3e07d1","83358011","1771836050","2026-02-23 17:40:50","0xc8f7787d062a91a5367dde72b35eeb5da807102d","0xe07d70e4a2988dbe8af970081da6889be3845318","","0","0","0","0.0081149294432","0.000910810740514745","0.11","","","Flush Tokens"
"0x9f8275073bf0bcc141bc8f379c9afdb9964b98c5fa46f7580574545447a9d424","83358188","1771836404","2026-02-23 17:46:44","0xc8f7787d062a91a5367dde72b35eeb5da807102d","0xc2132d05d31c914a87c6611c10748aeb04b58e8f","","0","0","0","0.012249006192","0.00137481496030184","0.11","","","Transfer"
"0x33153da4302a4cd4cf795f92d83644cfe67f5b22ca2da578dfb4765e7b7a732a","83358203","1771836434","2026-02-23 17:47:14","0xc8f7787d062a91a5367dde72b35eeb5da807102d","0x0133eefc950231dad3145d1ca17cbb3d953ccbd6","","0","0","0","0.0084483904785","0.000948238039743935","0.11","","","Flush Tokens"
"0x0ce5b4fd7eecb8d77e7759c0e84cb7294b11ca4d9ec6eebe212f8b88c4cb9f9e","83358213","1771836454","2026-02-23 17:47:34","0xc8f7787d062a91a5367dde72b35eeb5da807102d","0x60e82afff8739657702bac573532fe3fb2995432","","0","0","0","0.008632365791","0.000968887226133962","0.11","","","Flush Tokens"
"0xfacd7af7bfebdd2afeb0eb53d452daa387f8613aff03563ba159741b9634e55c","83358339","1771836706","2026-02-23 17:51:46","0xc8f7787d062a91a5367dde72b35eeb5da807102d","0xc2132d05d31c914a87c6611c10748aeb04b58e8f","","0","0","0","0.0128203140072","0.00143893792007202","0.11","","","Transfer"
"0xdb4fff8443dbad3c4b60312f14a9f0d5d5af7bdbc04ba2e18226eb9186654182","83358371","1771836770","2026-02-23 17:52:50","0xc8f7787d062a91a5367dde72b35eeb5da807102d","0xc2132d05d31c914a87c6611c10748aeb04b58e8f","","0","0","0","0.0118188498008","0.00132653468085538","0.11","","","Transfer"
"0x08b83e86495b21bc94444e898274c9bcd02a8672c31c3242a2e2c288037536a2","83358933","1771837894","2026-02-23 18:11:34","0xc8f7787d062a91a5367dde72b35eeb5da807102d","0x82c9f7d704cbdda5a6da894418bba357dbf1ddce","","0","0","0","0.0070340814571","0.000789497553321412","0.11","","","Flush Tokens"
"0x5765e1afb82a4e094a8b3b4ce41fc6b746550119ffe3a45071b241e9c4e0dc71","83359091","1771838210","2026-02-23 18:16:50","0xc8f7787d062a91a5367dde72b35eeb5da807102d","0x93d4c5f617649ecf7cce0c660f1e1d436ead3055","","0","0","0","0.0164644306289","0.0018479495549808","0.11","","","Flush Tokens"
"0x083d9264c0ff0064df26537626e7b8de69d1647cc87e75c8456a410b2445b91b","83359112","1771838252","2026-02-23 18:17:32","0xc8f7787d062a91a5367dde72b35eeb5da807102d","0xc2132d05d31c914a87c6611c10748aeb04b58e8f","","0","0","0","0.0312787232492","0.00351068943782775","0.11","","","Transfer"
"0xf01c65b80b90f52c6580a7c8b3d6373bae79a363afeaac2189daaf3dd5f04565","83359133","1771838294","2026-02-23 18:18:14","0xc8f7787d062a91a5367dde72b35eeb5da807102d","0xe3f15bbbb8fa939de0e128f72896528646d4b559","","0","0","0","0.01053378138","0.00118230001706027","0.11","","","Flush Tokens"
"0xb3420c43f3353c7dc7fb7da30b2f3f6fdbf187bf6b90b98a37dd0ea1aee10042","83359226","1771838480","2026-02-23 18:21:20","0xc8f7787d062a91a5367dde72b35eeb5da807102d","0xc2132d05d31c914a87c6611c10748aeb04b58e8f","","0","0","0","0.0141608345256","0.00158939646621036","0.11","","","Transfer"
"0x08573b90fc28233ebec720ceb2e17a7452e45523d10574d39b762b65b7afbe3a","83359318","1771838664","2026-02-23 18:24:24","0xc8f7787d062a91a5367dde72b35eeb5da807102d","0x98965474ecbec2f532f1f780ee37b0b05f77ca55","","0","0","0","0.011319673163","0.0012705076449699","0.11","","","Transfer"
"0x7ad3a146253e5ecb79d81f86e8919f38971f42d236d3dbfa656e6709da4ccab9","83359326","1771838680","2026-02-23 18:24:40","0xc8f7787d062a91a5367dde72b35eeb5da807102d","0x6ca2d27a994a944e33cb677eca98eda4113ef0fe","","0","0","0","0.0085384201126","0.000958342866689979","0.11","","","Flush Tokens"
"0x8d0e0d35c7e24016f0f172f88ff666985260ddf2a5811d54e6262be6ecd4db5a","83359393","1771838814","2026-02-23 18:26:54","0xc8f7787d062a91a5367dde72b35eeb5da807102d","0xc6a2fff6c8ebb33e3c01bd5e69196e6058fa4637","","0","0","0","0.0078740149309","0.000883770761068888","0.11","","","Flush Tokens"
"0x8ab17a6097aafad2c55296dcd68eb226073a82dd38c14a0cd6aaeebe6d234c7f","83359416","1771838860","2026-02-23 18:27:40","0xc8f7787d062a91a5367dde72b35eeb5da807102d","0xe3f15bbbb8fa939de0e128f72896528646d4b559","","0","0","0","0.007248078022","0.000813516292006504","0.11","","","Flush Tokens"
"0x27639cb598583724ce191145cf51df0d972fd4ebaec77846cf4f9146996a27f2","83359560","1771839148","2026-02-23 18:32:28","0xc8f7787d062a91a5367dde72b35eeb5da807102d","0x98965474ecbec2f532f1f780ee37b0b05f77ca55","","0","0","0","0.0114158359234","0.00128130084725501","0.11","","","Transfer"
"0xd2947322b137b9d4c4830d2efd9fd2204f5942a1d8baf0927ab3fd5033483ad4","83360033","1771840094","2026-02-23 18:48:14","0xc8f7787d062a91a5367dde72b35eeb5da807102d","0x09440fe0d0b2d3184775f5b0d914bd06260af4be","","0","0","0","0.011243612022","0.00126197062630036","0.11","","","Flush Tokens"
"0x9de51c50583f8e0f96b5070fafbc9ae2e51f513c85bb6a5cb0a7419a3105d006","83360176","1771840380","2026-02-23 18:53:00","0xc8f7787d062a91a5367dde72b35eeb5da807102d","0x04a57d7a5b48bbf9e8163b4a82b57f5cae1cdb0a","","0","0","0","0.0106327107733","0.00119340374317409","0.11","","","Flush Tokens"
"0x25aa598069a23068450213c740b1c6cebe0a7f68360c297c924ef6578d1dc96b","83360303","1771840634","2026-02-23 18:57:14","0xc8f7787d062a91a5367dde72b35eeb5da807102d","0xbb76f8f8f823255b67b431806b172a4317c8228b","","0","0","0","0.0097232844194","0.00109133073112426","0.11","","","Flush Tokens"
"0xacd15ecb49db827abf4721cd8e27b23bf1800b494925f2229a988e22f0284082","83360338","1771840704","2026-02-23 18:58:24","0xc8f7787d062a91a5367dde72b35eeb5da807102d","0xd0cbbf9d3af71d95ecb17362f9e1eae28f13d7c5","","0","0","0","0.009022001757","0.00101261953769719","0.11","","","Flush Tokens"
"0x039ee6fd9b35e7c310e79138d2ec3fd0d4db8eef9950b9f48447f6cc9d3850df","83360538","1771841104","2026-02-23 19:05:04","0x34a1e458ed39b3562d54f4b9fb8fb7186de309df","0xc8f7787d062a91a5367dde72b35eeb5da807102d","","0.0000000000000001","0","0.0000000000000000112238898303","0.00294769190436","0.000330845691883274","0.11","","","Transfer"
"0xf117c5eaa97e28993000a971bbe01cfea348b31cc8295500bd6648066d46fac3","83360641","1771841310","2026-02-23 19:08:30","0xc8f7787d062a91a5367dde72b35eeb5da807102d","0xdbe705204c66a658133e7a89fe11c9e466c05fe1","","0","0","0","0.0064622597575","0.00072531691573232","0.11","","","Flush Tokens"
"0xebed6f16ae0b194e43beb5a97f7aa0ab710275d0f0ef96d2f675121347392146","83360763","1771841554","2026-02-23 19:12:34","0xc8f7787d062a91a5367dde72b35eeb5da807102d","0xa6e50acdd594c06605a97dbc8ac2c950a4a0984f","","0","0","0","0.0049658781039","0.000557364687490807","0.11","","","Flush Tokens"
"0xce64478850199df750b1e73ca707418daff47d68d12232b4c56d1ef2566b6bed","83360922","1771841872","2026-02-23 19:17:52","0xc8f7787d062a91a5367dde72b35eeb5da807102d","0x2060f1bc87225f7d98780e3ba8124224e4e63ff9","","0","0","0","0.0050745512109","0.000569562037295697","0.11","","","Flush Tokens"
"0xddd032dba72bc0471ec48ef777250ab0dae10bb0e2dd698345834734948205f1","83360968","1771841964","2026-02-23 19:19:24","0xc8f7787d062a91a5367dde72b35eeb5da807102d","0x0208520e011c0d40cf91a8bf6158be46df771f4a","","0","0","0","0.0056638927308","0.000635709080213735","0.11","","","Flush Tokens"
"0x489076f944a2d8ba7e3be33b7888364d35b12dd3a9c829450d4016a15fbe8f9e","83361041","1771842110","2026-02-23 19:21:50","0xc8f7787d062a91a5367dde72b35eeb5da807102d","0xd99e0fddcfdccd6033d438b1a10c2981c28f54ba","","0","0","0","0.0062609492683","0.000702722048207589","0.11","","","Flush Tokens"
"0xbf750b577f1c7585538ce55197fc7d004a3ed7ba61ec304f03a0d12c90b99b6c","83361249","1771842526","2026-02-23 19:28:46","0xc8f7787d062a91a5367dde72b35eeb5da807102d","0x1f79a54a40121ae301d4a062fc85893f8e2a2105","","0","0","0","0.0088305919713","0.000991135914225729","0.11","","","Flush Tokens"
"0xece5ddefcbfee407741b2208e7690eaa5eb6c912212346ec4b144fdb412a7763","83361282","1771842592","2026-02-23 19:29:52","0xc8f7787d062a91a5367dde72b35eeb5da807102d","0xc2132d05d31c914a87c6611c10748aeb04b58e8f","","0","0","0","0.0120888594568","0.0013568402671761","0.11","","","Transfer"
"0x215acd893439693f9d3e7185d74420856153e8fc191742894b2331fa14b11256","83361364","1771842756","2026-02-23 19:32:36","0xc8f7787d062a91a5367dde72b35eeb5da807102d","0xc2132d05d31c914a87c6611c10748aeb04b58e8f","","0","0","0","0.014756040264","0.00165620170255225","0.11","","","Transfer"
"0x578ae328231ab54b002ddbb3724319a80aa5004244d8b9b42c736db7a9068891","83361438","1771842904","2026-02-23 19:35:04","0xc8f7787d062a91a5367dde72b35eeb5da807102d","0xd2df4a2ac49a97d7e1cf1e6e4b9f311e6efa56dc","","0","0","0","0.0073637350501","0.000826497509421496","0.11","","","Flush Tokens"
"0x74df28cee92e6dff2ac93da57c5dfc644c0a1b05eaeb78e524b68fe96c84e998","83361576","1771843180","2026-02-23 19:39:40","0xc8f7787d062a91a5367dde72b35eeb5da807102d","0xc2132d05d31c914a87c6611c10748aeb04b58e8f","","0","0","0","0.0152290512456","0.00170929193401245","0.11","","","Transfer"
"0xa8dd04dbed3bb018242f661479bd5935a7ded1505b535b1f551047503fbeb8e2","83361640","1771843308","2026-02-23 19:41:48","0xc8f7787d062a91a5367dde72b35eeb5da807102d","0xc2132d05d31c914a87c6611c10748aeb04b58e8f","","0","0","0","0.0223619949392","0.00250988567584244","0.11","","","Transfer"
"0x003c41e11bcd04b9a0b2a01716827562ed49d4a122d23935f311bfcfebe38065","83361646","1771843320","2026-02-23 19:42:00","0xc8f7787d062a91a5367dde72b35eeb5da807102d","0xc2132d05d31c914a87c6611c10748aeb04b58e8f","","0","0","0","0.0148370094432","0.00166528959402219","0.11","","","Transfer"
"0xa82bcf2108bd2f3c7c0b229e0e35b2a4b675472c5f15f072419be605da602423","83361681","1771843390","2026-02-23 19:43:10","0xc8f7787d062a91a5367dde72b35eeb5da807102d","0x69e84f06e1d4e6b0fffd758539d69b77e472963c","","0","0","0","0.0078016475296","0.000875648323673894","0.11","","","Flush Tokens"
"0x089e124a273225e15344c50bf817ac8b41462646b9752a6d60b6fcb002c022d3","83361863","1771843754","2026-02-23 19:49:14","0xc8f7787d062a91a5367dde72b35eeb5da807102d","0x5d42cc32fe16d44468eda3447e04d40e4ea14d10","","0","0","0","0.009729756513","0.00109205715177964","0.11","","","Flush Tokens"
"0x1ec278458aa4cd2cb377e345e3148741e858a1a88e7d353b8e3f8cdf873f945c","83361986","1771844000","2026-02-23 19:53:20","0xc8f7787d062a91a5367dde72b35eeb5da807102d","0x10d560c247d1c1507f1393c9ed392c2aa4216e8d","","0","0","0","0.008620617902","0.000967568656015211","0.11","","","Flush Tokens"
"0xb92dcf92cbb0ede8521bc8f85dd3ca444f8e0b2fb2241bdeb2d6750599257885","83362024","1771844076","2026-02-23 19:54:36","0xc8f7787d062a91a5367dde72b35eeb5da807102d","0xc2132d05d31c914a87c6611c10748aeb04b58e8f","","0","0","0","0.0108161078928","0.00121398803381879","0.11","","","Transfer"
"0xa7df9364b4d0259481cbb00823319a8423375efadabdd0bcf094d705fb12029c","83362074","1771844176","2026-02-23 19:56:16","0xc8f7787d062a91a5367dde72b35eeb5da807102d","0xc2132d05d31c914a87c6611c10748aeb04b58e8f","","0","0","0","0.0100085793276","0.0011233519173122","0.11","","","Transfer"
"0x462a8cf61bcd22cb1aede64269deca3f361c79ba04801b3736c136ea330c65ba","83362233","1771844494","2026-02-23 20:01:34","0xc8f7787d062a91a5367dde72b35eeb5da807102d","0x0407cc401881db5c66ee501500d598e2e11f949c","","0","0","0","0.0075138450535","0.000843345690827434","0.11","","","Flush Tokens"
"0xcde790aff6f5b135ce3234fa0ffc00cd1e116178a23004c3b59a5aee61957cd0","83362276","1771844580","2026-02-23 20:03:00","0xc8f7787d062a91a5367dde72b35eeb5da807102d","0xe910bc8d652f10e873a9b99f53bf5b8818b4670e","","0","0","0","0.0065945514697","0.000740165191764321","0.11","","","Flush Tokens"
"0x2c7e5a4072b0e120b03989031d5305222c420ca1c3e65ec20ef4938375c4dcde","83362308","1771844644","2026-02-23 20:04:04","0xc8f7787d062a91a5367dde72b35eeb5da807102d","0x5f35eae3e06c9edd37db023f29573c95e31162eb","","0","0","0","0.0065707249212","0.000737490926210308","0.11","","","Flush Tokens"
"0x4ded7fda3b818c9fe8f55fbeeb8ad74b393c3ac80c1d2721104a7892223495b6","83362323","1771844674","2026-02-23 20:04:34","0xc8f7787d062a91a5367dde72b35eeb5da807102d","0xf6f965c6851bfabc5610eb277e016fbdee94e199","","0","0","0","0.0069967680263","0.000785309534956499","0.11","","","Flush Tokens"
"0x99d219e7945ba9bc75794fbfff59e956c8069bd168a5cbdfb6b617e5459eaf1a","83362572","1771845172","2026-02-23 20:12:52","0xc8f7787d062a91a5367dde72b35eeb5da807102d","0xc2132d05d31c914a87c6611c10748aeb04b58e8f","","0","0","0","0.0095137618828","0.00106781415244653","0.11","","","Transfer"
"0x701957172f7e0543d18c7e6ff1c456c2a070c6e4c4ad905e5b0e52d4505337ab","83362683","1771845394","2026-02-23 20:16:34","0xc8f7787d062a91a5367dde72b35eeb5da807102d","0xd818dffe938db6102c877e2d4bd475fe67cc65c8","","0","0","0","0.008629541581","0.000968570239914985","0.11","","","Flush Tokens"
"0xa87776010a6b10fc65bcdeedff7dca5640ef196c7b1358d7aede9deaba1929f0","83362886","1771845800","2026-02-23 20:23:20","0xc8f7787d062a91a5367dde72b35eeb5da807102d","0xfb8f216c6282d0428a0c48c46c814edc831b8d83","","0","0","0","0.0099814577449","0.00112030782074971","0.11","","","Flush Tokens"
"0x4a168f5ce7b02f4b30f12f5f961f5f1068e0af21787325260fb173a5e05b3c28","83362952","1771845932","2026-02-23 20:25:32","0xc8f7787d062a91a5367dde72b35eeb5da807102d","0xc2132d05d31c914a87c6611c10748aeb04b58e8f","","0","0","0","0.010869917392","0.00122002755272725","0.11","","","Transfer"
"0xd0927a6f9cfced1c77a09100b351929133123b9e4e68deeef84903f7a788a3cf","83363048","1771846124","2026-02-23 20:28:44","0xc8f7787d062a91a5367dde72b35eeb5da807102d","0x47f555fd6bf97a4b9278d7eb405e080804a7ab25","","0","0","0","0.0059364045891","0.000666295510963945","0.11","","","Flush Tokens"
"0x3538a34fe95e22731aca8a99590cbc99a35ddc3e664730d4a545c3168fbcf63a","83363066","1771846160","2026-02-23 20:29:20","0xc8f7787d062a91a5367dde72b35eeb5da807102d","0x2568009f95cad6f9902f6b6dbc45c85fc81d525e","","0","0","0","0.0058262874005","0.000653936079031211","0.11","","","Flush Tokens"
"0x936e6b5d36ddf965079a01a9f687d509d8ac34e1e65f2daffb84c06de833b543","83363128","1771846284","2026-02-23 20:31:24","0xc8f7787d062a91a5367dde72b35eeb5da807102d","0xb240027fc46634ed2756a097867f0e3dabac3f63","","0","0","0","0.0066839553946","0.000750199789799098","0.11","","","Flush Tokens"
"0x1019dc8da71e6a3d24f96d5608104c4b5e77ac46751a327812dc7c86464c85f1","83363196","1771846420","2026-02-23 20:33:40","0xc8f7787d062a91a5367dde72b35eeb5da807102d","0xfb8f216c6282d0428a0c48c46c814edc831b8d83","","0","0","0","0.0065844104023","0.000739026969531724","0.11","","","Flush Tokens"
"0xcd670cf57d5657fa014bcddfdda7b1c300377a6ccd408992b6a55a40a6551112","83363723","1771847474","2026-02-23 20:51:14","0xc8f7787d062a91a5367dde72b35eeb5da807102d","0xb3478d32c0371867beda619254e043da1bd2bb63","","0","0","0","0.0082150848835","0.000922052076793111","0.11","","","Flush Tokens"
"0xcceb4bd69925f500916a5643bb1ea068db1bbfd1b87d3a8677578bee63e8d9c5","83363803","1771847634","2026-02-23 20:53:54","0xc8f7787d062a91a5367dde72b35eeb5da807102d","0x432b98f7e6f870b6d01e15c9b22c71a4aa6ee550","","0","0","0","0.0070913349122","0.000795923618045901","0.11","","","Flush Tokens"
"0x8d2160731c77f45ec5ac1076bd6fc5202dbed0f70bebfa216b6d87afb92ece50","83363833","1771847694","2026-02-23 20:54:54","0xc8f7787d062a91a5367dde72b35eeb5da807102d","0xb3478d32c0371867beda619254e043da1bd2bb63","","0","0","0","0.0066879233066","0.000750645143870543","0.11","","","Flush Tokens"
"0x430ff1bea4a7e29d487135da57a291ed8152b8db55094436688972ceb7573feb","83364057","1771848142","2026-02-23 21:02:22","0xc8f7787d062a91a5367dde72b35eeb5da807102d","0xc2132d05d31c914a87c6611c10748aeb04b58e8f","","0","0","0","0.0083993268548","0.000942731192673073","0.11","","","Transfer"
"0x49ef38517c771ba6aed4f7d59bccbb86290a6efe72775ca71ac26cd10e6cc5fd","83364089","1771848206","2026-02-23 21:03:26","0xc8f7787d062a91a5367dde72b35eeb5da807102d","0xc2132d05d31c914a87c6611c10748aeb04b58e8f","","0","0","0","0.0086928216816","0.000975672728690858","0.11","","","Transfer"
"0x72aab1e5030b0941803a942b4370f58c7afa6c90a2a5feb9e2a8a136099ead64","83364121","1771848270","2026-02-23 21:04:30","0xc8f7787d062a91a5367dde72b35eeb5da807102d","0xc2132d05d31c914a87c6611c10748aeb04b58e8f","","0","0","0","0.0140057926288","0.00157199473452266","0.11","","","Transfer"
"0xa1064c94666212d5773cb4bd0ac40e0a9719aaf459df32f6e79115e5e1c33771","83364145","1771848318","2026-02-23 21:05:18","0xc8f7787d062a91a5367dde72b35eeb5da807102d","0xc2132d05d31c914a87c6611c10748aeb04b58e8f","","0","0","0","0.01014154491","0.00113827582779305","0.11","","","Transfer"
"0xb90505a539e1931ed43ca6da9efeceaf8b5fad684958db36cd80523fbaefa2bc","83364315","1771848658","2026-02-23 21:10:58","0xc8f7787d062a91a5367dde72b35eeb5da807102d","0xc2132d05d31c914a87c6611c10748aeb04b58e8f","","0","0","0","0.0148603423052","0.00166790844874734","0.11","","","Transfer"
"0x80e288afe50f2f40211156fba07e393e32dcf45b87e0258656ed344cf66bbd52","83364446","1771848920","2026-02-23 21:15:20","0xc8f7787d062a91a5367dde72b35eeb5da807102d","0x843273133e0026d2f0e8072cc5370b48e4cfc047","","0","0","0","0.0093018499646","0.0010440293922104","0.11","","","Flush Tokens"
"0x5fd5e83931249bcd2825c4a3406abc986f064abb358b3ce7cf3c485d934ceaf7","83364536","1771849100","2026-02-23 21:18:20","0xc8f7787d062a91a5367dde72b35eeb5da807102d","0x9726db2725ee3ddcb9a2cfd0078b22ea8bf78241","","0","0","0","0.008370523359","0.000939498320037194","0.11","","","Flush Tokens"
"0x227d28e04b2cb53ae1fe1944f50c28b3b24760f82bd012f366624c4cd605c995","83364596","1771849220","2026-02-23 21:20:20","0xc8f7787d062a91a5367dde72b35eeb5da807102d","0xc2132d05d31c914a87c6611c10748aeb04b58e8f","","0","0","0","0.0135618463232","0.00152216669027624","0.11","","","Transfer"
"0x9ec07cc52e5628d08912e6832269527fe987daf127b1007cce8f761c1b2b9e34","83364748","1771849524","2026-02-23 21:25:24","0xc8f7787d062a91a5367dde72b35eeb5da807102d","0x4316553262673580696cbd7691113623acf0b0e6","","0","0","0","0.0062479886942","0.000701267367649226","0.11","","","Flush Tokens"
"0x30dbcdae7a5fab61cd1f573aad39ecee752fb3ac1b1bb30474de824ef0cc42a9","83364779","1771849586","2026-02-23 21:26:26","0xc8f7787d062a91a5367dde72b35eeb5da807102d","0xc2132d05d31c914a87c6611c10748aeb04b58e8f","","0","0","0","0.0120052696336","0.00134745823751075","0.11","","","Transfer"
"0xd17a7c3164152128ee1b1b874f38e03768aba5d2676f8238c468bffb5c6f1b75","83364823","1771849674","2026-02-23 21:27:54","0xc8f7787d062a91a5367dde72b35eeb5da807102d","0xfd8ef8f24a912c4ea7638fd7f6c6a5b045ea87db","","0","0","0","0.0050142970755","0.000562799179520176","0.11","","","Flush Tokens"
"0x6f1fda02e4736a3e3bb39170363da434ccd75397c7045552ec2c71dd158e0414","83365018","1771850064","2026-02-23 21:34:24","0xc8f7787d062a91a5367dde72b35eeb5da807102d","0x98965474ecbec2f532f1f780ee37b0b05f77ca55","","0","0","0","0.0064168818545","0.00072022374989228","0.11","","","Transfer"
"0xff3b19a5d432d4ea35f9aae8f0bc37de9c902dc026c68f872fa537d8270f27df","83365304","1771850636","2026-02-23 21:43:56","0xc8f7787d062a91a5367dde72b35eeb5da807102d","0xc2132d05d31c914a87c6611c10748aeb04b58e8f","","0","0","0","0.015411203188","0.00172973646735126","0.11","","","Transfer"
"0x63669a849a8d4dd29182ee504949baa4125aadc3e23925031f3a0ceff69d93e3","83365408","1771850844","2026-02-23 21:47:24","0xc8f7787d062a91a5367dde72b35eeb5da807102d","0x10d560c247d1c1507f1393c9ed392c2aa4216e8d","","0","0","0","0.0118904379946","0.00133456966085902","0.11","","","Flush Tokens"
"0x9e3aa10e8ccc319dcc8c2ef1df614d649de03d81a6ece500a45023befdcbb488","83365764","1771851556","2026-02-23 21:59:16","0xc8f7787d062a91a5367dde72b35eeb5da807102d","0x98965474ecbec2f532f1f780ee37b0b05f77ca55","","0","0","0","0.0075788917653","0.000850646462098126","0.11","","","Transfer"
"0x71e883184dcb48e3f02a9050af1ce5b83cd4ea0660d40a68484fc091b149da73","83365831","1771851690","2026-02-23 22:01:30","0xc8f7787d062a91a5367dde72b35eeb5da807102d","0xd2df4a2ac49a97d7e1cf1e6e4b9f311e6efa56dc","","0","0","0","0.006222492432","0.000698405695269042","0.11","","","Flush Tokens"
"0x082155b40e2de0a7b97a3cc07d07a8e49fc06f9e75451787f0833442770fa563","83365966","1771851960","2026-02-23 22:06:00","0xc8f7787d062a91a5367dde72b35eeb5da807102d","0xc2132d05d31c914a87c6611c10748aeb04b58e8f","","0","0","0","0.0091733220992","0.00102960356619662","0.11","","","Transfer"
"0x0b9168b2b78693d971cc4b6942e7efc863e960f22bda24f375ee111f4745f3d8","83365968","1771851964","2026-02-23 22:06:04","0xc8f7787d062a91a5367dde72b35eeb5da807102d","0xdec7cc35de5cd86bb4aff13ffa82310bd4c39c24","","0","0","0","0.0061951854185","0.000695340786157846","0.11","","","Flush Tokens"
"0x15b359561f3e9cb5fad28d79a5907258683f5cb43ff5fe16411cf9756ca803dd","83366218","1771852464","2026-02-23 22:14:24","0xc8f7787d062a91a5367dde72b35eeb5da807102d","0x98965474ecbec2f532f1f780ee37b0b05f77ca55","","0","0","0","0.0119569389913","0.00134203365946471","0.11","","","Transfer"
"0xdedd2792e54154fe3413a1a95918f6096d63f423780ffd986ded9523d7e9c6a0","83366237","1771852502","2026-02-23 22:15:02","0xc8f7787d062a91a5367dde72b35eeb5da807102d","0xc2132d05d31c914a87c6611c10748aeb04b58e8f","","0","0","0","0.017270588792","0.00193843185906546","0.11","","","Transfer"
"0x319aaecf5cd1a8c031f965c6d65341728e9b4f9c96c36ebd4bf7e78f6032d0c5","83366271","1771852570","2026-02-23 22:16:10","0xc8f7787d062a91a5367dde72b35eeb5da807102d","0xc2132d05d31c914a87c6611c10748aeb04b58e8f","","0","0","0","0.0136337518544","0.00153023728788005","0.11","","","Transfer"
"0x9b30e8007f21bc798a9231d0b17fb933f509f79acd71e0cbd68167cd599dd53a","83366306","1771852640","2026-02-23 22:17:20","0xc8f7787d062a91a5367dde72b35eeb5da807102d","0x1367056f320d4fe2a7d66dc6857c01ab05d1de76","","0","0","0","0.0108521109816","0.00121802898084122","0.11","","","Flush Tokens"
"0xe2210791fc1f825d8503273aafca1bf699a01146fcba9c94cab079f80e9911f4","83366368","1771852764","2026-02-23 22:19:24","0xc8f7787d062a91a5367dde72b35eeb5da807102d","0xc2132d05d31c914a87c6611c10748aeb04b58e8f","","0","0","0","0.0156572431008","0.0017573517161026","0.11","","","Transfer"
"0x2bc6f29132276e3cfbaf25d674e180536b22fccaac3aae3850e14e06b2af77d2","83366458","1771852944","2026-02-23 22:22:24","0xc8f7787d062a91a5367dde72b35eeb5da807102d","0xe910bc8d652f10e873a9b99f53bf5b8818b4670e","","0","0","0","0.0129224155824","0.00145039768838751","0.11","","","Flush Tokens"
"0x3f55b9de0df2a3e434060d0a5ce441a0f38452e3b4faf13301962736cc13f3e5","83366563","1771853154","2026-02-23 22:25:54","0xc8f7787d062a91a5367dde72b35eeb5da807102d","0x7a437cbf6cf4c20fa6e3c054b6f99feec7b26d7a","","0","0","0","0.0128624261652","0.00144366454229112","0.11","","","Flush Tokens"
"0x2b36584096365d557afb1fd66df8845448fae9d65b4ba193425cf2cefa0995ea","83366603","1771853234","2026-02-23 22:27:14","0xc8f7787d062a91a5367dde72b35eeb5da807102d","0x8cb273df899fb7443a8ee43ee4dcbab1517dd57b","","0","0","0","0.0110309226163","0.00123809860172378","0.11","","","Flush Tokens"
"0x922b5bb49cadaccd87b6d2fc5ca8c43711937b96f44af963bbb0a672f40955d3","83366751","1771853530","2026-02-23 22:32:10","0xc8f7787d062a91a5367dde72b35eeb5da807102d","0x65fa7e962bb29cb083354fbe1943c3ea3f97d0bc","","0","0","0","0.0114265487984","0.00128250324854267","0.11","","","Flush Tokens"
"0xe12c509aa9c29cdedf176c1eedab0a46d6b969f6c2855d3a2dad760d374b7b9f","83366924","1771853876","2026-02-23 22:37:56","0xc8f7787d062a91a5367dde72b35eeb5da807102d","0xc2132d05d31c914a87c6611c10748aeb04b58e8f","","0","0","0","0.015410040848","0.0017296060075902","0.11","","","Transfer"
"0xe5c7e0051230da58b2c466344d780c44e4bfb81ba7c520219a3863a013705ea8","83366947","1771853922","2026-02-23 22:38:42","0xc8f7787d062a91a5367dde72b35eeb5da807102d","0xc2132d05d31c914a87c6611c10748aeb04b58e8f","","0","0","0","0.0203520164032","0.00228428789934828","0.11","","","Transfer"
"0x49bee0321f3a4a05c9316afa70d0b1908e26511ad9b2ac79dc993ddba1fd6678","83367003","1771854034","2026-02-23 22:40:34","0xc8f7787d062a91a5367dde72b35eeb5da807102d","0xd2df4a2ac49a97d7e1cf1e6e4b9f311e6efa56dc","","0","0","0","0.0112314673559","0.00126060752235703","0.11","","","Flush Tokens"
"0xc6c2bc1df91181f64ce7714414e9ac7bf4b4e741a57080c9570f0ff7cdd45679","83367073","1771854174","2026-02-23 22:42:54","0xc8f7787d062a91a5367dde72b35eeb5da807102d","0xc2132d05d31c914a87c6611c10748aeb04b58e8f","","0","0","0","0.0197494588816","0.00221665750695946","0.11","","","Transfer"
"0x9ce7df7c7ba6df1f2c9578461eab64a6cea686a9ad5daf80ce64ca457b9be248","83367181","1771854390","2026-02-23 22:46:30","0xc8f7787d062a91a5367dde72b35eeb5da807102d","0xc2132d05d31c914a87c6611c10748aeb04b58e8f","","0","0","0","0.017001708184","0.00190825299584838","0.11","","","Transfer"
"0xc5a2970f105db4f91be969f214ce6c9034f86280ab3c78e88a6fca2cd1c436d8","83367226","1771854480","2026-02-23 22:48:00","0xc8f7787d062a91a5367dde72b35eeb5da807102d","0xe910bc8d652f10e873a9b99f53bf5b8818b4670e","","0","0","0","0.0070743254447","0.000794014494152973","0.11","","","Flush Tokens"
"0xcaf79144c0c47c51ce7f1a021c66a9acfc16fecec4da224a3b6a50be3e658871","83367245","1771854518","2026-02-23 22:48:38","0xc8f7787d062a91a5367dde72b35eeb5da807102d","0xc2132d05d31c914a87c6611c10748aeb04b58e8f","","0","0","0","0.0099363764948","0.00111524795090434","0.11","","","Transfer"
"0xb6c5148ea8a213a12333d4d049e0bb9c10d6a92463850eb448d6bcf2af283466","83367508","1771855044","2026-02-23 22:57:24","0xc8f7787d062a91a5367dde72b35eeb5da807102d","0xc2132d05d31c914a87c6611c10748aeb04b58e8f","","0","0","0","0.0129232832176","0.00145049507080649","0.11","","","Transfer"
"0xbe51fd07145e1e5a6058c4a8419032b2c562a61794e4bea6a93e528d317918fd","83367638","1771855304","2026-02-23 23:01:44","0xc8f7787d062a91a5367dde72b35eeb5da807102d","0xdff3d79cea0113313722733c6033b29acaf567da","","0","0","0","0.0068843540271","0.00077269231153241","0.11","","","Flush Tokens"
"0xa106d55d20ccfc3daba0fb9eab1d93277b7072613629f8c6fd68341b9715faac","83368203","1771856434","2026-02-23 23:20:34","0xc8f7787d062a91a5367dde72b35eeb5da807102d","0xc2132d05d31c914a87c6611c10748aeb04b58e8f","","0","0","0","0.011878732544","0.00133325585397953","0.11","","","Transfer"
"0x9830b989a4e4e0b1614236ee399d5aebbdfe992774c61652050cf76606f54d6a","83368275","1771856578","2026-02-23 23:22:58","0xc8f7787d062a91a5367dde72b35eeb5da807102d","0x98965474ecbec2f532f1f780ee37b0b05f77ca55","","0","0","0","0.0085599050948","0.000960754317422175","0.11","","","Transfer"
"0x32609865137b13bb20ff515998fc157aa3d55fba36a9dec7d08c5ff728d2d5c7","83368331","1771856690","2026-02-23 23:24:50","0xc8f7787d062a91a5367dde72b35eeb5da807102d","0x10d560c247d1c1507f1393c9ed392c2aa4216e8d","","0","0","0","0.0064805269555","0.00072736720591093","0.11","","","Flush Tokens"
"0x38bcdf0aacf7be98922e0a154b08a197971713b17de2912e249d57e927d84e04","83368461","1771856950","2026-02-23 23:29:10","0xc8f7787d062a91a5367dde72b35eeb5da807102d","0x10d560c247d1c1507f1393c9ed392c2aa4216e8d","","0","0","0","0.0055335147216","0.000621075596098134","0.11","","","Flush Tokens"
"0xc56a709acfbdafb529c15c78aee82e2197d1bbf4c7542f89b12a83665fd13094","83368714","1771857456","2026-02-23 23:37:36","0xc8f7787d062a91a5367dde72b35eeb5da807102d","0x905d0e845e7c54b1e59a816e68f21a982cbdf2d4","","0","0","0","0.0523588214448","0.00587669643542978","0.11","","","Flush Tokens"
"0xddc68bbb4e6fc473bdeeb1dd8ce764a301f1cc83f68d383cd82b40bfd4ba0224","83368739","1771857506","2026-02-23 23:38:26","0xc8f7787d062a91a5367dde72b35eeb5da807102d","0xc2132d05d31c914a87c6611c10748aeb04b58e8f","","0","0","0","0.0888038566448","0.00996724703490711","0.11","","","Transfer"
"0xc2665af6fcf9e3b6ac88aaba343f2c387ff1e800f6aa4637c30076f95c315437","83369026","1771858080","2026-02-23 23:48:00","0x93c38783c406990b1d1c48bf9709460f8f5d734e","0xc8f7787d062a91a5367dde72b35eeb5da807102d","","9.9782984341","0","1.11995322318611","0.0217015659","0.00243575984807505","0.11","","","Transfer"
"0x91ba813e5e8f47ee3573095f38e57bd2d266758ccc0d2751482fd747c4a23c77","83369368","1771858764","2026-02-23 23:59:24","0xc8f7787d062a91a5367dde72b35eeb5da807102d","0xe735a244f660de423ecea7a5e76f4f815bbdae0c","","0","0","0","0.0159298847136","0.00178795271035494","0.11","","","Flush Tokens"
"0x59d5b59e870f2f49ea92753b9957011c10d9c275a2f5bd9faf567c69bb63476e","83369381","1771858790","2026-02-23 23:59:50","0xc8f7787d062a91a5367dde72b35eeb5da807102d","0x32abe919bc83a08fe9f4dc40d51ee2dcbdedadd1","","0","0","0","0.013785556419","0.00154727566496819","0.11","","","Flush Tokens"
