"Transaction Hash","Blockno","UnixTimestamp","DateTime (UTC+9)","From","To","ContractAddress","Value_IN(POL)","Value_OUT(POL)","CurrentValue @ $0.107639368269155/POL","TxnFee(POL)","TxnFee(USD)","Historical $Price/POL","Status","ErrCode","Method"
"0x6f415e2d49afa12f00460f4c074faaab699db7fb8f3c7d4def36652d9da44922","82980831","1771081685","2026-02-15 00:08:05","0xc8f7787d062a91a5367dde72b35eeb5da807102d","0xd919d99b36b66b7d2c2bd51ba5c9fb78fc2c679b","","0","0","0","0.2288835432","0.0246368799972538","0.11","","","Flush Tokens"
"0x6b03bab2ce45984870df5a7d14630a4f88f876158b1d99ef04acc7deb4a2d92c","82980983","1771081989","2026-02-15 00:13:09","0xc8f7787d062a91a5367dde72b35eeb5da807102d","0x46c85569e806ca1b60be8bffdfde68c739da853c","","0","0","0","0.301370472","0.0324393272210571","0.11","","","Flush Tokens"
"0x2249dcc1f530895f7c1c4f6dda6b388ea7abab27b7033a08bf73453f4af9ec1f","82981216","1771082455","2026-02-15 00:20:55","0xc8f7787d062a91a5367dde72b35eeb5da807102d","0xd919d99b36b66b7d2c2bd51ba5c9fb78fc2c679b","","0","0","0","0.33329821824","0.0358760096565886","0.11","","","Flush Tokens"
"0x4086021c74c1dc5231a3cbc8b558caab5d14d262cd0ccc21c52bbd89d83f63a2","82981626","1771083275","2026-02-15 00:34:35","0xc8f7787d062a91a5367dde72b35eeb5da807102d","0x6e2c871a9066e095a5b33c058fb2656185d79822","","0","0","0","0.20389955178","0.0219476189439631","0.11","","","Flush Tokens"
"0xac2047e3b6cbef6d8c5dcd61dbac247ab11309f89dfefcdfa6aec832f3deb605","82981808","1771083639","2026-02-15 00:40:39","0xc8f7787d062a91a5367dde72b35eeb5da807102d","0x7143981f88027e51d5148afcbd34f9df22b93c32","","0","0","0","0.21723757608","0.0233833154535737","0.11","","","Flush Tokens"
"0xd2e08e30111fb66beed8f807b594a149002ed20248bc875ed21a9a1b46d2c69d","82982341","1771084705","2026-02-15 00:58:25","0xc8f7787d062a91a5367dde72b35eeb5da807102d","0x5f5d256868f1c247f2fef5ccc8fd6cd310bc2b80","","0","0","0","0.2608719984","0.028080097106888","0.11","","","Flush Tokens"
"0xd42cbc4580d916c30164b917ff9ea2a047c76d8de5ffed999a19b6951929074e","82982456","1771084935","2026-02-15 01:02:15","0xc8f7787d062a91a5367dde72b35eeb5da807102d","0x27e1f294cd08b052a7fb47004db735eea9c9f6d5","","0","0","0","0.26260900665","0.0282670675775963","0.11","","","Flush Tokens"
"0x186a8fa4e8e74c293de8e3860f1e9f500805fece3f9d55d1e040601271e70e0c","82984731","1771089485","2026-02-15 02:18:05","0xc8f7787d062a91a5367dde72b35eeb5da807102d","0x451afb78ab4d0c8c9a35e3dfab1868b2d0a223a0","","0","0","0","0.28844932211","0.0310485028095864","0.11","","","Flush Tokens"
"0x37fc0a542b6a8b57764ae390a7817bd842aa3b4c15f175fbad890fc2f3d2a15d","82985518","1771091059","2026-02-15 02:44:19","0xc8f7787d062a91a5367dde72b35eeb5da807102d","0xbbb5e73a22096d1065d35851caa934df1e527d12","","0","0","0","0.14456764764","0.0155611702641274","0.11","","","Flush Tokens"
"0xaf47bbf1d7d92e80debc361375fa557a313e55d15fad50e26a44563321217bc3","82986071","1771092165","2026-02-15 03:02:45","0xc8f7787d062a91a5367dde72b35eeb5da807102d","0xbbb5e73a22096d1065d35851caa934df1e527d12","","0","0","0","0.08604698544","0.00926204315422678","0.11","","","Flush Tokens"
"0x4be5c9cbd8b257d20f48869af3ae73f219748ffd3afe3dd153299c91608a568f","82989821","1771099665","2026-02-15 05:07:45","0xc8f7787d062a91a5367dde72b35eeb5da807102d","0xc437e47b71bb6351cf430ce5abd4b967776b0967","","0","0","0","0.02894897028","0.00311604887298174","0.11","","","Flush Tokens"
"0xa44352ee7bf57144f131856185feafe0bb4cd937a2384fc17da9c8df6af9cacf","82993446","1771106915","2026-02-15 07:08:35","0xc8f7787d062a91a5367dde72b35eeb5da807102d","0xdc7af0b1c09eeabb8c4fecea47b816b32c1b99ca","","0","0","0","0.03090316694","0.00332639736693784","0.11","","","Flush Tokens"
"0xa6f5c18379fb7e2e316e735e3ee6772b4ffde778bec77ec0ea1a9fcb78f63e34","82993688","1771107399","2026-02-15 07:16:39","0xc8f7787d062a91a5367dde72b35eeb5da807102d","0x286326854389c7a31794e01573e89a53976d976f","","0","0","0","0.03516829081","0.00378549260589433","0.11","","","Flush Tokens"
"0x4886653087a0f6dae4e729b4c5ddaa41e9afa918f1fdd536fe3ba67153571ca0","82993981","1771107985","2026-02-15 07:26:25","0xc8f7787d062a91a5367dde72b35eeb5da807102d","0x46c85569e806ca1b60be8bffdfde68c739da853c","","0","0","0","0.03655700427","0.0039349728454356","0.11","","","Flush Tokens"
"0x4c4587acba7c93191b8422f491a1d4af123bd35c43209cc50b0a2c55cba03d7b","82994288","1771108599","2026-02-15 07:36:39","0xc8f7787d062a91a5367dde72b35eeb5da807102d","0x46c85569e806ca1b60be8bffdfde68c739da853c","","0","0","0","0.03279096193","0.00352959842708311","0.11","","","Flush Tokens"
"0xe0fdc822d47b2f4f488763f9a9efa4231acb12af7c5e9aa0e2a2c3a5c351c7c8","82994518","1771109059","2026-02-15 07:44:19","0xc8f7787d062a91a5367dde72b35eeb5da807102d","0x20c232fd0a3e9059221ae6817ce9dda8a5f0c9ca","","0","0","0","0.02602072753","0.00280085467323301","0.11","","","Flush Tokens"
"0x362afeefa15c3ff3e21b6a1e75b69933724b35f80f3476e77a14993f0133df75","82994681","1771109385","2026-02-15 07:49:45","0xc8f7787d062a91a5367dde72b35eeb5da807102d","0xd1f700d8ab5b60000eb1356f039aa811e8519ff6","","0","0","0","0.03631900443","0.00390935469300984","0.11","","","Flush Tokens"
"0xb5a57aaf4aeda3d2854a2dfc2e456cf4576dabc46929b8332254e865ac621dbc","82994931","1771109885","2026-02-15 07:58:05","0xc8f7787d062a91a5367dde72b35eeb5da807102d","0x9abd2c78f2b4639fad87c5cbe23831a80e538b57","","0","0","0","0.0376653888","0.00405427865604411","0.11","","","Flush Tokens"
"0xf7707df088118a84f06872c03a232110cd34013dd0e59f6353b21cdb22358a73","82995001","1771110025","2026-02-15 08:00:25","0xc8f7787d062a91a5367dde72b35eeb5da807102d","0x9abd2c78f2b4639fad87c5cbe23831a80e538b57","","0","0","0","0.03874248357","0.00417021645665292","0.11","","","Flush Tokens"
"0xf8f1f10f348b5c96e3451a17599c7f3f891f6d1f010279937d79e0eebaa28337","82995013","1771110049","2026-02-15 08:00:49","0xc8f7787d062a91a5367dde72b35eeb5da807102d","0x651a5c1b1820ec9d549cc12c7d424ae401f3972f","","0","0","0","0.04414402512","0.00475163497677451","0.11","","","Flush Tokens"
"0x0caf96071e6878387ebf651c5fec0ade4e4b81e7436d03de4c54e5900b322c61","82995063","1771110149","2026-02-15 08:02:29","0xc8f7787d062a91a5367dde72b35eeb5da807102d","0xd1f700d8ab5b60000eb1356f039aa811e8519ff6","","0","0","0","0.03935350239","0.00423598613643828","0.11","","","Flush Tokens"
"0x3ca07f9aba38e7a9090606f60bf2cde75eb77236ea18406eb17195685aab48b3","82995368","1771110759","2026-02-15 08:12:39","0xc8f7787d062a91a5367dde72b35eeb5da807102d","0xa9531f162f7b657174d066bd67c8ba035ffa650e","","0","0","0","0.03975504447","0.00427920787226296","0.11","","","Flush Tokens"
"0x376771070665a9281d6acf5faa56924bb3bf57492b5f44bd7233c96251909d04","82995513","1771111049","2026-02-15 08:17:29","0xc8f7787d062a91a5367dde72b35eeb5da807102d","0x98965474ecbec2f532f1f780ee37b0b05f77ca55","","0","0","0","0.08109061002","0.00872854203511321","0.11","","","Transfer"
"0x3993054428cd4a22541d1c6df115a07e510200a012bcac5eacd8bfae2cacd867","82995551","1771111125","2026-02-15 08:18:45","0xc8f7787d062a91a5367dde72b35eeb5da807102d","0x98965474ecbec2f532f1f780ee37b0b05f77ca55","","0","0","0","0.06282101336","0.00676201419209855","0.11","","","Transfer"
"0x6ac8dca7d79475d176ac7b3fd6f7a5f06f5a504f1a1090bbba7d484d57a0e3c2","82995553","1771111129","2026-02-15 08:18:49","0xc8f7787d062a91a5367dde72b35eeb5da807102d","0x8f297ec8ed66e0e07a43fb3a0f7475a906773682","","0","0","0","0.04663004237","0.00501922830307073","0.11","","","Flush Tokens"
"0xc5708673d9c3bf736c61670d2699d4edacc4d772ac62c1d48e6d27fef85d9263","82995738","1771111499","2026-02-15 08:24:59","0xc8f7787d062a91a5367dde72b35eeb5da807102d","0xa9531f162f7b657174d066bd67c8ba035ffa650e","","0","0","0","0.04345741159","0.00467772833016025","0.11","","","Flush Tokens"
"0x8a4d596d78922b30d32c6b8dad6112c4baf8aec41e38db81e1517d1fc5aa97cb","82995785","1771111593","2026-02-15 08:26:33","0xc8f7787d062a91a5367dde72b35eeb5da807102d","0x98965474ecbec2f532f1f780ee37b0b05f77ca55","","0","0","0","0.05341926587","0.00575001603164883","0.11","","","Transfer"
"0x33ade1ff88f2936788365f3ea788b6ef20a63162f82dcc0e62cd855673cbf318","82995826","1771111675","2026-02-15 08:27:55","0xc8f7787d062a91a5367dde72b35eeb5da807102d","0x8f297ec8ed66e0e07a43fb3a0f7475a906773682","","0","0","0","0.0429074568","0.00461853154398806","0.11","","","Flush Tokens"
"0x8898009312b9f04f7f35f44f8948e8f688bf299fa2293e2c002e4c7e716b3977","82995936","1771111895","2026-02-15 08:31:35","0xc8f7787d062a91a5367dde72b35eeb5da807102d","0x2b507711f136bada2f6f54de1ff918ebcc49b84b","","0","0","0","0.03613897891","0.00388997685976472","0.11","","","Flush Tokens"
"0xa21ca69ab77f1a1905e07e1d6f2d33d67bfd8293679cd7afc394eda94d9dc2bc","82996192","1771112407","2026-02-15 08:40:07","0xc8f7787d062a91a5367dde72b35eeb5da807102d","0xc2132d05d31c914a87c6611c10748aeb04b58e8f","","0","0","0","0.04373335652","0.00470743086810253","0.11","","","Transfer"
"0x56de60384def5c6632040b60dbd939dd69b3714498784f03e77b0b1070233932","82996208","1771112439","2026-02-15 08:40:39","0xc8f7787d062a91a5367dde72b35eeb5da807102d","0xa9531f162f7b657174d066bd67c8ba035ffa650e","","0","0","0","0.02964984089","0.00319149014268056","0.11","","","Flush Tokens"
"0x292fc561f57ec54a35878f402c49142bd64faadb3ff46b0193e9262c3b5ad57a","82996403","1771112829","2026-02-15 08:47:09","0xc8f7787d062a91a5367dde72b35eeb5da807102d","0x98965474ecbec2f532f1f780ee37b0b05f77ca55","","0","0","0","0.06880765705","0.00740641273694267","0.11","","","Transfer"
"0xfa2a88836b06bf4ffb19b6c8a4882fcf1985a46f1c90dea529e9b80c8115bfd2","82996511","1771113045","2026-02-15 08:50:45","0xc8f7787d062a91a5367dde72b35eeb5da807102d","0xc2132d05d31c914a87c6611c10748aeb04b58e8f","","0","0","0","0.06489010024","0.00698472939675574","0.11","","","Transfer"
"0xdc320321d58795711b03459c1fdd7ff21cb121f1cc6cc63111fe374e9859fc88","82996531","1771113085","2026-02-15 08:51:25","0xc8f7787d062a91a5367dde72b35eeb5da807102d","0xa9531f162f7b657174d066bd67c8ba035ffa650e","","0","0","0","0.03723274964","0.00400770965017321","0.11","","","Flush Tokens"
"0x017392bbb4ea5844f213a02541565c32a0afea6667ae06a6f3e232ece6312282","82996621","1771113265","2026-02-15 08:54:25","0xc8f7787d062a91a5367dde72b35eeb5da807102d","0x2b507711f136bada2f6f54de1ff918ebcc49b84b","","0","0","0","0.03292947277","0.00354450764639914","0.11","","","Flush Tokens"
"0x2021a65ebf80e3785225462a172e2a15e5f25a6b8ee1ebf3535e1d9f494b8b2a","82996796","1771113615","2026-02-15 09:00:15","0xc8f7787d062a91a5367dde72b35eeb5da807102d","0x50fed2a484bb5e2d653c65080405fe0d6f1a4c4b","","0","0","0","0.02992110872","0.00322068924053351","0.11","","","Flush Tokens"
"0xa53de1bc6398c9cb358ae6fc76cb58241127edf6a9cf60a39f0670e8925c72e7","82996841","1771113705","2026-02-15 09:01:45","0xc8f7787d062a91a5367dde72b35eeb5da807102d","0xa9531f162f7b657174d066bd67c8ba035ffa650e","","0","0","0","0.03859328562","0.00415415688356786","0.11","","","Flush Tokens"
"0x7c7d8f29ef2319eea89f5733fdbf1e2ac3747961dff07aea408f0fae0bcf6334","82996941","1771113905","2026-02-15 09:05:05","0xc8f7787d062a91a5367dde72b35eeb5da807102d","0x8f297ec8ed66e0e07a43fb3a0f7475a906773682","","0","0","0","0.03602237184","0.0038774253484142","0.11","","","Flush Tokens"
"0xe6dfb6b44e57c8394af545728e21a3025e3c19eb8989693767474cff5be89f17","82997118","1771114259","2026-02-15 09:10:59","0xc8f7787d062a91a5367dde72b35eeb5da807102d","0xa9531f162f7b657174d066bd67c8ba035ffa650e","","0","0","0","0.04410257882","0.00474717372322542","0.11","","","Flush Tokens"
"0x2898d6963e3737a7f0f7a1c23c247c15883006fa3b4c47262dfc192a2dd0dfb0","82997190","1771114403","2026-02-15 09:13:23","0xc8f7787d062a91a5367dde72b35eeb5da807102d","0xc2132d05d31c914a87c6611c10748aeb04b58e8f","","0","0","0","0.06093325084","0.00655881662700356","0.11","","","Transfer"
"0x2c7b94c1b3bb1b76bb86d37cfc3fb5c5ec206e5a995bcd6d30ff7482c5f74e6b","82998001","1771116025","2026-02-15 09:40:25","0xc8f7787d062a91a5367dde72b35eeb5da807102d","0x21a59fe87d2c32e15c784457a0b400e25b87cc09","","0","0","0","0.0517649652","0.00557194815260279","0.11","","","Flush Tokens"
"0x004bee9e8e2f1fa30c9afd5b660227d1e0e5b608ffc32e86ceae38950118761b","82998271","1771116565","2026-02-15 09:49:25","0xc8f7787d062a91a5367dde72b35eeb5da807102d","0x2fa347f541c79e4d3d9c9de43331f5d4c62986ce","","0","0","0","0.03590250471","0.00386452292626476","0.11","","","Flush Tokens"
"0x94db661134efc7bb220405eb914e8854abde45c80173a2663c37017da34ac360","82998573","1771117169","2026-02-15 09:59:29","0xc8f7787d062a91a5367dde72b35eeb5da807102d","0x2fa347f541c79e4d3d9c9de43331f5d4c62986ce","","0","0","0","0.03189545424","0.00343320654505134","0.11","","","Flush Tokens"
"0x117aa2c7431302ec2b2eeca8fb89a671c8e3b69a607f5890d4a7cf36257bf01c","82998672","1771117367","2026-02-15 10:02:47","0xc8f7787d062a91a5367dde72b35eeb5da807102d","0xc2132d05d31c914a87c6611c10748aeb04b58e8f","","0","0","0","0.0514126816","0.00553402856844721","0.11","","","Transfer"
"0x0d2853450a2d2a7c8d4dcf2e4e8382af4beb0f0afb737e0305606b3f039df177","82998966","1771117955","2026-02-15 10:12:35","0xc8f7787d062a91a5367dde72b35eeb5da807102d","0x2fa347f541c79e4d3d9c9de43331f5d4c62986ce","","0","0","0","0.01890977139","0.00203543584653374","0.11","","","Flush Tokens"
"0xf3063381245666ed6efff37c046107d2a9648d0a6a15c6af97cc043b9bd56958","82999003","1771118029","2026-02-15 10:13:49","0xc8f7787d062a91a5367dde72b35eeb5da807102d","0x2430d77835338b976d6dc615b85e2eeebb002db1","","0","0","0","0.01947901415","0.00209670877761193","0.11","","","Flush Tokens"
"0x3ed5314c8d5eef419b6a90b1e03b008de68d95274074bba502c82fbe149f2627","82999063","1771118149","2026-02-15 10:15:49","0xc8f7787d062a91a5367dde72b35eeb5da807102d","0xa1b372bee41964f05bf226c4267f6c35bfb69e0e","","0","0","0","0.02244388378","0.00241584547158553","0.11","","","Flush Tokens"
"0xa816ab501dd5b71d175de9c20ad77018954e376fb04ab5f57fccf907039253fd","82999256","1771118535","2026-02-15 10:22:15","0xc8f7787d062a91a5367dde72b35eeb5da807102d","0x9d42d63b0a923fff47eff784103d505d5e155d94","","0","0","0","0.0756603017","0.00814402707804167","0.11","","","Flush Tokens"
"0x53070fd2ca7b05625095348a154ef53aaed19932cd1e504eead3dff8a3a939a8","82999293","1771118609","2026-02-15 10:23:29","0xc8f7787d062a91a5367dde72b35eeb5da807102d","0xc9653e7ee317906937860eeaf13d226646424f6b","","0","0","0","0.05108637456","0.00549890508479983","0.11","","","Flush Tokens"
"0x9ff2f582c270df446ea04c3d45ed94de86d6543e3b6b01f8017b6aed17cde911","82999331","1771118685","2026-02-15 10:24:45","0xc8f7787d062a91a5367dde72b35eeb5da807102d","0xa1b372bee41964f05bf226c4267f6c35bfb69e0e","","0","0","0","0.04050856622","0.00436031647741003","0.11","","","Flush Tokens"
"0x8792ef5071599e6c911e7d67628dbd2651a4254515645db98653b082bc622adf","82999491","1771119005","2026-02-15 10:30:05","0xc8f7787d062a91a5367dde72b35eeb5da807102d","0x7a437cbf6cf4c20fa6e3c054b6f99feec7b26d7a","","0","0","0","0.04067815668","0.00437857108738891","0.11","","","Flush Tokens"
"0x329ebe536921c4fb3fb9e087550927222a28735ca67107901a93d96fd6339e96","82999639","1771119301","2026-02-15 10:35:01","0xc8f7787d062a91a5367dde72b35eeb5da807102d","0x98965474ecbec2f532f1f780ee37b0b05f77ca55","","0","0","0","0.04232351582","0.00455567650579439","0.11","","","Transfer"
"0xdc3ffecafe018c427f2603baa3a9d49e3f3d6c698370785c5953b7dc114c6bf6","83000696","1771121415","2026-02-15 11:10:15","0xc8f7787d062a91a5367dde72b35eeb5da807102d","0x73695847f362d47e0de03ce37d56b4b1b21e8be9","","0","0","0","0.10144338048","0.0109193013899547","0.11","","","Flush Tokens"
"0x39b6aa1fd14b96e8081148562abf4692bbe0a2ee1c07fc01880e1a34fa5a8984","83000771","1771121565","2026-02-15 11:12:45","0xc8f7787d062a91a5367dde72b35eeb5da807102d","0xa9531f162f7b657174d066bd67c8ba035ffa650e","","0","0","0","0.06905425929","0.00743295684627003","0.11","","","Flush Tokens"
"0x0cd8bdfd8bb178b07109ae4655f59a94419dac4b2b3a384eeb9599309d1bc456","83000786","1771121595","2026-02-15 11:13:15","0xc8f7787d062a91a5367dde72b35eeb5da807102d","0x73695847f362d47e0de03ce37d56b4b1b21e8be9","","0","0","0","0.07659576288","0.00824471952849719","0.11","","","Flush Tokens"
"0x428e2a324dfd90d442f728895bd4fa4881939f9b5d1c053d64c542d6d0edc385","83000986","1771121995","2026-02-15 11:19:55","0xc8f7787d062a91a5367dde72b35eeb5da807102d","0xd88744dd9cd30e78fedce18858e90d5663cb70fb","","0","0","0","0.04093635312","0.00440636318907985","0.11","","","Flush Tokens"
"0x98a7df92fadaf476a5b3538e42f8190ad2f8981beef78324f251f27b32c9cb86","83001193","1771122409","2026-02-15 11:26:49","0xc8f7787d062a91a5367dde72b35eeb5da807102d","0x98965474ecbec2f532f1f780ee37b0b05f77ca55","","0","0","0","0.0357793787","0.00385126972033086","0.11","","","Transfer"
"0x653ec75cefd0293d5586d653dc2875e6b263d0bfd192c79ef8421f9ddf7a9ae4","83001262","1771122547","2026-02-15 11:29:07","0xc8f7787d062a91a5367dde72b35eeb5da807102d","0xc2132d05d31c914a87c6611c10748aeb04b58e8f","","0","0","0","0.0329346626","0.00354506627642177","0.11","","","Transfer"
"0x39db00976e5822f7d5e219bc6d8c13e65d702d94b7051c2ec471c6848229bcc2","83001373","1771122769","2026-02-15 11:32:49","0xc8f7787d062a91a5367dde72b35eeb5da807102d","0x5d42cc32fe16d44468eda3447e04d40e4ea14d10","","0","0","0","0.0280016605","0.00301408104670735","0.11","","","Flush Tokens"
"0x60885e18e7e110febc9dc0c98fbe1e517802590cf8ce3a10dff694bcaca746ed","83001403","1771122829","2026-02-15 11:33:49","0xc8f7787d062a91a5367dde72b35eeb5da807102d","0x5d42cc32fe16d44468eda3447e04d40e4ea14d10","","0","0","0","0.0294946753","0.00317478821659585","0.11","","","Flush Tokens"
"0x52222e84b6c6b45b82918adf605b4c8015724a11181e726b673f4984304e6147","83001410","1771122843","2026-02-15 11:34:03","0xc8f7787d062a91a5367dde72b35eeb5da807102d","0xc2132d05d31c914a87c6611c10748aeb04b58e8f","","0","0","0","0.04477794104","0.00481986928593907","0.11","","","Transfer"
"0xfdc9b9f1a1bd3d974dd3d162377adc052aff605b6b3267c250bb2ed9e75052cf","83001433","1771122889","2026-02-15 11:34:49","0xc8f7787d062a91a5367dde72b35eeb5da807102d","0x5d42cc32fe16d44468eda3447e04d40e4ea14d10","","0","0","0","0.03124835705","0.003363553412311","0.11","","","Flush Tokens"
"0xf11ea1a9480d2166ba146854efb7629d847173da8052245a85c007f0b38ead2f","83001516","1771123055","2026-02-15 11:37:35","0xc8f7787d062a91a5367dde72b35eeb5da807102d","0x98965474ecbec2f532f1f780ee37b0b05f77ca55","","0","0","0","0.05289710548","0.00569381101713406","0.11","","","Transfer"
"0x54ec212370d5b24395929ff79f6cdd90688e44dda7653604a182f20f4d20865a","83001758","1771123539","2026-02-15 11:45:39","0xc8f7787d062a91a5367dde72b35eeb5da807102d","0x98965474ecbec2f532f1f780ee37b0b05f77ca55","","0","0","0","0.04464948558","0.00480604242137395","0.11","","","Transfer"
"0xa34ee2975570debe950a15ebe7c86857046ff9400d8c72887f959b9daaddb35e","83001852","1771123727","2026-02-15 11:48:47","0xc8f7787d062a91a5367dde72b35eeb5da807102d","0x98965474ecbec2f532f1f780ee37b0b05f77ca55","","0","0","0","0.03439333354","0.00370207669491594","0.11","","","Transfer"
"0xe1ac1834a5af7a9017a0f16244d9be72a0f46afccc04a2aec7e1b0b29ef79ae3","83001874","1771123771","2026-02-15 11:49:31","0xc8f7787d062a91a5367dde72b35eeb5da807102d","0x98965474ecbec2f532f1f780ee37b0b05f77ca55","","0","0","0","0.0497161907","0.00535141935969684","0.11","","","Transfer"
"0x544c7508bfe7ed5034201970ecca39ff19398df112fa725d57f0c13a6916c106","83001914","1771123851","2026-02-15 11:50:51","0xc8f7787d062a91a5367dde72b35eeb5da807102d","0x98965474ecbec2f532f1f780ee37b0b05f77ca55","","0","0","0","0.03091017559","0.00332715177359626","0.11","","","Transfer"
"0x420fcf65f7f1c0e80ab6c3fdd633356eaf9500bca1e30294fccd1ee7e60fdb8b","83001968","1771123959","2026-02-15 11:52:39","0xc8f7787d062a91a5367dde72b35eeb5da807102d","0xa5ad3018ac65fb6c069b6fd239b671b89959b88e","","0","0","0","0.02431690105","0.00261745586728555","0.11","","","Flush Tokens"
"0xd0f1ee309a42c1288fdd4395fb5b4d0b6602f324f3a621b7aad752d86429638e","83002168","1771124359","2026-02-15 11:59:19","0xc8f7787d062a91a5367dde72b35eeb5da807102d","0x5d42cc32fe16d44468eda3447e04d40e4ea14d10","","0","0","0","0.02747078535","0.00295693798093156","0.11","","","Flush Tokens"
"0x185706a3fdb722a36068282aaf37c3aec286cd682715408148013adf0f7d2e73","83002198","1771124419","2026-02-15 12:00:19","0xc8f7787d062a91a5367dde72b35eeb5da807102d","0x5d42cc32fe16d44468eda3447e04d40e4ea14d10","","0","0","0","0.03791187304","0.00408081006392601","0.11","","","Flush Tokens"
"0x0890e798675e1383b88f1cbd53d3a1bf3a5da0573d50ba6abd3e8e4b87427906","83002799","1771125621","2026-02-15 12:20:21","0x381a5922be675a39fcb33d98f1e4aefede1e7f34","0xc8f7787d062a91a5367dde72b35eeb5da807102d","","9.98601967","0","1.07488884880216","0.01398033","0.00150483388939432","0.11","","","Transfer"
"0xe8b9f556519e08dbb8f9caa3978be4f23c76122b41a4b7b4cbfd87bc74d3345f","83003031","1771126085","2026-02-15 12:28:05","0xc8f7787d062a91a5367dde72b35eeb5da807102d","0xdc22408fd04f5908c0b6a3d1c52e55fa9315fe6d","","0","0","0","0.02988423632","0.00321672031869094","0.11","","","Flush Tokens"
"0x2a172db6be5704460cb0d8caeb7dc1331ee2bb26b31fd7a29d9324a96f02de44","83003057","1771126137","2026-02-15 12:28:57","0xc8f7787d062a91a5367dde72b35eeb5da807102d","0xc2132d05d31c914a87c6611c10748aeb04b58e8f","","0","0","0","0.04469078656","0.00481048803277004","0.11","","","Transfer"
"0xcd0c3af713e0400edde8a7aed346ae7683fbd1b1adebf12c1d77a646d69298a5","83003326","1771126675","2026-02-15 12:37:55","0xc8f7787d062a91a5367dde72b35eeb5da807102d","0xbc606805dd323be99ae80b2e441b342e9548252d","","0","0","0","0.05288859906","0.00569289539145902","0.11","","","Flush Tokens"
"0x0b06442589c06706d4c660a4a7213002309eeeafab5d76a2452db95054cacdd0","83003336","1771126695","2026-02-15 12:38:15","0xc8f7787d062a91a5367dde72b35eeb5da807102d","0xdc22408fd04f5908c0b6a3d1c52e55fa9315fe6d","","0","0","0","0.07921974461","0.0085271632642642","0.11","","","Flush Tokens"
"0x58e598a026f0db296319e52d6fa8f101401e4f6c90985ae55d00f2dc3f2d223f","83003373","1771126769","2026-02-15 12:39:29","0xc8f7787d062a91a5367dde72b35eeb5da807102d","0x24284dc16d1c783145e593a075a400476113a098","","0","0","0","0.07647957038","0.00823221264119958","0.11","","","Flush Tokens"
"0x42752b78df7f2aaa81c2e58d0fe3861c4e7cb7b731efc073752257aa2aef18a5","83003544","1771127111","2026-02-15 12:45:11","0xc8f7787d062a91a5367dde72b35eeb5da807102d","0xc2132d05d31c914a87c6611c10748aeb04b58e8f","","0","0","0","0.07417311636","0.00798394738754493","0.11","","","Transfer"
"0x1e12bd8e2eed98d8c705564d0a021d6b13b8fc6d189e701602d750f5efcd3834","83003851","1771127725","2026-02-15 12:55:25","0xc8f7787d062a91a5367dde72b35eeb5da807102d","0x5d42cc32fe16d44468eda3447e04d40e4ea14d10","","0","0","0","0.0224921611","0.00242104201181206","0.11","","","Flush Tokens"
"0x12391bfaedcb385696aaaa1675f6e3e1d0aba0b211499cac5ae9c3919b1de7be","83003868","1771127759","2026-02-15 12:55:59","0xc8f7787d062a91a5367dde72b35eeb5da807102d","0x415ef7b7edc37d63a65abf1cab728cd4b403f843","","0","0","0","0.02099166217","0.00225952925489832","0.11","","","Flush Tokens"
"0x92a969ac916ad8903a5510272389ecea1674b53f6725e25f238d659100c02b36","83003878","1771127779","2026-02-15 12:56:19","0xc8f7787d062a91a5367dde72b35eeb5da807102d","0x5d42cc32fe16d44468eda3447e04d40e4ea14d10","","0","0","0","0.0204365942","0.00219978208926108","0.11","","","Flush Tokens"
"0x580c505af4cd746967688855cd041af3b5543c3c52b288d5de7e3bd6ab735476","83003923","1771127869","2026-02-15 12:57:49","0xc8f7787d062a91a5367dde72b35eeb5da807102d","0x5d42cc32fe16d44468eda3447e04d40e4ea14d10","","0","0","0","0.01911265035","0.00205727360962324","0.11","","","Flush Tokens"
"0xfb67e2b54485c97032b552ed1a205b22675e4eada97e74975dc1fdb071ae7ad9","83003981","1771127985","2026-02-15 12:59:45","0xc8f7787d062a91a5367dde72b35eeb5da807102d","0x017c75063c3fd3b59c64e2a11f92bf125e730b6b","","0","0","0","0.01590250854","0.00171173597314044","0.11","","","Flush Tokens"
"0xb8206742aa5c65190c6a367691efd4a4e9b79e15a1bb79efb6408f53b5a55f5f","83004008","1771128039","2026-02-15 13:00:39","0xc8f7787d062a91a5367dde72b35eeb5da807102d","0x4316553262673580696cbd7691113623acf0b0e6","","0","0","0","0.0206373421","0.00222139046639844","0.11","","","Flush Tokens"
"0xfae193eacd3fcf1a8e229802464485760fabb6e32cf41ed609669bc4ae82614b","83004021","1771128065","2026-02-15 13:01:05","0xc8f7787d062a91a5367dde72b35eeb5da807102d","0x79910fcbe12ff69938a70361790f8c182574afb6","","0","0","0","0.01765682687","0.00190056968992464","0.11","","","Flush Tokens"
"0x8c8b85cfd5d20ebbf51a64655be47bfdb691cd2ca0b893d9262f1bcd6baa9bf3","83004033","1771128089","2026-02-15 13:01:29","0xc8f7787d062a91a5367dde72b35eeb5da807102d","0x24284dc16d1c783145e593a075a400476113a098","","0","0","0","0.01781516182","0.00191761276391757","0.11","","","Flush Tokens"
"0xdd5387243e9002ec80e6350f653dab3a76e5c60ef7171f5bb6d17e3f675c6967","83004156","1771128335","2026-02-15 13:05:35","0xc8f7787d062a91a5367dde72b35eeb5da807102d","0xdbe705204c66a658133e7a89fe11c9e466c05fe1","","0","0","0","0.06803706003","0.00732346616051978","0.11","","","Flush Tokens"
"0x67957cf93a44c769d715dcd20d0ec092acdbaa4f889ef5b924cb97506c469b83","83004200","1771128423","2026-02-15 13:07:03","0xc8f7787d062a91a5367dde72b35eeb5da807102d","0xc2132d05d31c914a87c6611c10748aeb04b58e8f","","0","0","0","0.09325783208","0.0100382141312421","0.11","","","Transfer"
"0xb15892a9e9a32092554d9698ede26c7bcb5a956ff788c023884db7d15b58ca21","83004236","1771128495","2026-02-15 13:08:15","0xc8f7787d062a91a5367dde72b35eeb5da807102d","0x09440fe0d0b2d3184775f5b0d914bd06260af4be","","0","0","0","0.09871104672","0.0106251947101278","0.11","","","Flush Tokens"
"0xfb24df76f36a04e624e570c8f3eb499a6a41cccd9ce4b30a5a9b1cb846b90101","83004406","1771128835","2026-02-15 13:13:55","0xc8f7787d062a91a5367dde72b35eeb5da807102d","0x415ef7b7edc37d63a65abf1cab728cd4b403f843","","0","0","0","0.04178283408","0.00449747786486612","0.11","","","Flush Tokens"
"0xa715f7c75d3365a1b929e4667ceacda665e08cfe4e37d1c830624416fc587908","83004491","1771129005","2026-02-15 13:16:45","0xc8f7787d062a91a5367dde72b35eeb5da807102d","0xc2132d05d31c914a87c6611c10748aeb04b58e8f","","0","0","0","0.07278786976","0.00783484031862393","0.11","","","Transfer"
"0x0fdeeb945cb5c6b58a3fdcce07fe301b5f6deb004f8e7b43f517bfeb7aa48034","83004531","1771129085","2026-02-15 13:18:05","0xc8f7787d062a91a5367dde72b35eeb5da807102d","0x10d560c247d1c1507f1393c9ed392c2aa4216e8d","","0","0","0","0.03622784744","0.00389954261219292","0.11","","","Flush Tokens"
"0xded2207d14b118252a99777336e31e6d1417ae9b5a7e2921d824a105caff849d","83004541","1771129105","2026-02-15 13:18:25","0xc8f7787d062a91a5367dde72b35eeb5da807102d","0xe209381e2d7817df141f9ed35b8d9488afb90ddf","","0","0","0","0.03984792763","0.00428920575692821","0.11","","","Flush Tokens"
"0xdc1b9533751ca0e3fce0c6c649789513c9524b61219f52a759651a8dace317bb","83004595","1771129213","2026-02-15 13:20:13","0xc8f7787d062a91a5367dde72b35eeb5da807102d","0xc2132d05d31c914a87c6611c10748aeb04b58e8f","","0","0","0","0.04784354336","0.00514984878302833","0.11","","","Transfer"
"0x3f1a15d1b9ba7fcca6f3eb6bb73871b062785232e7c832bbe8da835008b87be6","83004673","1771129369","2026-02-15 13:22:49","0xc8f7787d062a91a5367dde72b35eeb5da807102d","0x09440fe0d0b2d3184775f5b0d914bd06260af4be","","0","0","0","0.02747054153","0.00295691173630079","0.11","","","Flush Tokens"
"0x48a6e620c287f4b0d8b7f0cf1b5726a431dddacaa949c6fad93b4445789c5f7e","83004703","1771129429","2026-02-15 13:23:49","0xc8f7787d062a91a5367dde72b35eeb5da807102d","0x5d42cc32fe16d44468eda3447e04d40e4ea14d10","","0","0","0","0.02617775515","0.00281775702705062","0.11","","","Flush Tokens"
"0x570a4319a648d86f70d36b2e9cc42117e75a32ff2bfae6b9936266275bb6a071","83004743","1771129509","2026-02-15 13:25:09","0xc8f7787d062a91a5367dde72b35eeb5da807102d","0x4316553262673580696cbd7691113623acf0b0e6","","0","0","0","0.02204442187","0.00237284764394554","0.11","","","Flush Tokens"
"0xcf1ca590a6c4e60e6e4437c2f93f03dd5d2acd9f846d819413699b3f6c50c608","83004773","1771129569","2026-02-15 13:26:09","0xc8f7787d062a91a5367dde72b35eeb5da807102d","0x244e878c6b169c30e250400a8b637a99c31f795c","","0","0","0","0.02553169273","0.00274821527629938","0.11","","","Flush Tokens"
"0xde06d6485111eb86ce652aafa0a37cdb4a618526498f45e51b13e18a30bcbc44","83004783","1771129589","2026-02-15 13:26:29","0xc8f7787d062a91a5367dde72b35eeb5da807102d","0x10d560c247d1c1507f1393c9ed392c2aa4216e8d","","0","0","0","0.0225142968","0.00242342468457626","0.11","","","Flush Tokens"
"0x05eda3cfa66f16adaf4084253762a4acc6af81d3ae6eb81a9c688d96186e4a43","83004926","1771129875","2026-02-15 13:31:15","0xc8f7787d062a91a5367dde72b35eeb5da807102d","0x09440fe0d0b2d3184775f5b0d914bd06260af4be","","0","0","0","0.02399136946","0.0025824158525863","0.11","","","Flush Tokens"
"0x85e0b7e329291d349af11d95c8c74d3c4bae084fb33f36da1355ef89e255c29c","83005052","1771130127","2026-02-15 13:35:27","0xc8f7787d062a91a5367dde72b35eeb5da807102d","0xc2132d05d31c914a87c6611c10748aeb04b58e8f","","0","0","0","0.04564906276","0.00491363627756541","0.11","","","Transfer"
"0xcb17ca6bda40cc182efb187d9d5dce1629207d4f85575a0b0f87dba625b02acb","83005198","1771130419","2026-02-15 13:40:19","0xc8f7787d062a91a5367dde72b35eeb5da807102d","0x1a71318216407c50ea8e73b9dba715b92ebc4173","","0","0","0","0.04132073124","0.00444773740709314","0.11","","","Flush Tokens"
"0x0356055617bc8f1ac64fc98395a3bd8e82a806fd9f74d1d90b9d8cfc21acfcdf","83005213","1771130449","2026-02-15 13:40:49","0xc8f7787d062a91a5367dde72b35eeb5da807102d","0x15b2d10934cab09b5022c2cd6ef863e63ca9fe9e","","0","0","0","0.03632890507","0.0039104203916449","0.11","","","Flush Tokens"
"0xcd1af98746db4f7b152b0d7f074b05910b29c95fa602717e3e8dd2340e2c215c","83005291","1771130605","2026-02-15 13:43:25","0xc8f7787d062a91a5367dde72b35eeb5da807102d","0x46c85569e806ca1b60be8bffdfde68c739da853c","","0","0","0","0.03188598822","0.00343218762863852","0.11","","","Flush Tokens"
"0x927baad441ee36ef451bf50170b0c1705de1063f0b424de86707a56806321191","83005476","1771130975","2026-02-15 13:49:35","0xc8f7787d062a91a5367dde72b35eeb5da807102d","0x628a1598fd7cbc0e855d4d095d3604576c13498e","","0","0","0","0.02809122791","0.00302372202613726","0.11","","","Flush Tokens"
"0x052c06091bbc33684bfd4e0e693272c1d92de123a7e81a02e70de4e6e719a06f","83005703","1771131429","2026-02-15 13:57:09","0xc8f7787d062a91a5367dde72b35eeb5da807102d","0xafbade7f4d16ef8628e4fed1b006529cf10ae1e1","","0","0","0","0.03005845952","0.00323547359387677","0.11","","","Flush Tokens"
"0x9bd13a52c43b88ea8953adca023a089968b16a8509ab40e4a25745fa677e493f","83006263","1771132549","2026-02-15 14:15:49","0xc8f7787d062a91a5367dde72b35eeb5da807102d","0xdc811b185a2facb2ac6f79ff18f3ef057fb38d78","","0","0","0","0.02275330461","0.00244915133425605","0.11","","","Flush Tokens"
"0x9a09ff482577ee343bd5c2fcf67a7ba329e7a0c2783bd9ceb6da4711331f5a6d","83006358","1771132739","2026-02-15 14:18:59","0xc8f7787d062a91a5367dde72b35eeb5da807102d","0xfd8ef8f24a912c4ea7638fd7f6c6a5b045ea87db","","0","0","0","0.03072410114","0.00330712283734722","0.11","","","Flush Tokens"
"0x71ab9c89a981817fd96a7a984a71b58a9250a394bcb8bf8d3fefbea99138f0ee","83006793","1771133609","2026-02-15 14:33:29","0xc8f7787d062a91a5367dde72b35eeb5da807102d","0xcc6a2ba604e782aea9a1ef956088c320b7136a5b","","0","0","0","0.047905096","0.00515647427031322","0.11","","","Flush Tokens"
"0xb75e99aee29621510c0ed0ad9d0a76408ce841ea0c9b328e16555b27dd14ea68","83007152","1771134327","2026-02-15 14:45:27","0xc8f7787d062a91a5367dde72b35eeb5da807102d","0xc2132d05d31c914a87c6611c10748aeb04b58e8f","","0","0","0","0.03715107788","0.00399891855352138","0.11","","","Transfer"
"0x7db155df5f4002d22a7f37c80c470dd81c49bd4cdc053544da186bc3b0fe81da","83007181","1771134385","2026-02-15 14:46:25","0xc8f7787d062a91a5367dde72b35eeb5da807102d","0x31628ce953e7c5286ddd27f775618bd2b553c166","","0","0","0","0.0553872384","0.00596184735154908","0.11","","","Flush Tokens"
"0x2dcd7fd7742d2d1c1f44380c92d2ccf227a0763e5f409fcebd104748e2f664e3","83007188","1771134399","2026-02-15 14:46:39","0xc8f7787d062a91a5367dde72b35eeb5da807102d","0x5d42cc32fe16d44468eda3447e04d40e4ea14d10","","0","0","0","0.03632623436","0.00391013291810767","0.11","","","Flush Tokens"
"0x03e2b5e6a847d8e1013c5f0ca55f65373d313ce885c15057bb6f6cad52ca73eb","83007471","1771134965","2026-02-15 14:56:05","0xc8f7787d062a91a5367dde72b35eeb5da807102d","0x5d42cc32fe16d44468eda3447e04d40e4ea14d10","","0","0","0","0.03385201231","0.00364380921968806","0.11","","","Flush Tokens"
"0xa547f387d3eefc9a1c8565b6a833236e80c34771c7077d1480031a35be22a67e","83007481","1771134985","2026-02-15 14:56:25","0xc8f7787d062a91a5367dde72b35eeb5da807102d","0xd6d343b1d8b8e2b61b2f7cc14999ab366a014e53","","0","0","0","0.03288826753","0.00354007234039616","0.11","","","Flush Tokens"
"0xa2e1612d654e9d4c99e2f9d7d7e1cb2a85b008743c2f84c8433f98219d10cc54","83007498","1771135019","2026-02-15 14:56:59","0xc8f7787d062a91a5367dde72b35eeb5da807102d","0x5d42cc32fe16d44468eda3447e04d40e4ea14d10","","0","0","0","0.03069637768","0.00330413870162659","0.11","","","Flush Tokens"
"0x446c886125671177e0c773425a8e10c7df5a5cc6546c09f82d80e0a1af211c5f","83007523","1771135069","2026-02-15 14:57:49","0xc8f7787d062a91a5367dde72b35eeb5da807102d","0x5d42cc32fe16d44468eda3447e04d40e4ea14d10","","0","0","0","0.02851135537","0.00306894428052418","0.11","","","Flush Tokens"
"0x47f7c09d85f66145b9fdafacccd6d2ba91155bc4fa05bed2b9fa559845eab9c2","83007583","1771135189","2026-02-15 14:59:49","0xc8f7787d062a91a5367dde72b35eeb5da807102d","0xfcba391a5f7586090e75b3c9729e6d347e2f6090","","0","0","0","0.0271349934","0.00292079354756369","0.11","","","Flush Tokens"
"0x008da563145f56e1ce29c4be74c4cc2b2aa0a085ae1a85b766c59a568e719631","83007666","1771135355","2026-02-15 15:02:35","0xc8f7787d062a91a5367dde72b35eeb5da807102d","0x98965474ecbec2f532f1f780ee37b0b05f77ca55","","0","0","0","0.06940715957","0.00747094280947124","0.11","","","Transfer"
"0x5899a120b0063fd0525901658d9955069cf59ec58207e2bdd1896e2d895c0593","83007753","1771135529","2026-02-15 15:05:29","0xc8f7787d062a91a5367dde72b35eeb5da807102d","0x5884344a26f58e82916dd8480e7b4e79fd08b7a9","","0","0","0","0.05058089712","0.00544449581248392","0.11","","","Flush Tokens"
"0x081508f2ca6d1bd0f5f562e1fb1b3480b9630f3e30446d1939611a07471b90e7","83007791","1771135605","2026-02-15 15:06:45","0xc8f7787d062a91a5367dde72b35eeb5da807102d","0xdc22408fd04f5908c0b6a3d1c52e55fa9315fe6d","","0","0","0","0.0436370977","0.0046970696295274","0.11","","","Flush Tokens"
"0x5d175b49aeb9f54034efccc6eb80594640c814406ba4b1f5cb71b7975212b159","83007946","1771135915","2026-02-15 15:11:55","0xc8f7787d062a91a5367dde72b35eeb5da807102d","0x6ada19915a19465c7c71b46d79be444aaf886870","","0","0","0","0.03807921158","0.00409882227865869","0.11","","","Flush Tokens"
"0xf9000c5f7656ff6dd44da75a90895c62eedaa3b70f17dccf0c91f2fe6d23f84a","83008216","1771136455","2026-02-15 15:20:55","0xc8f7787d062a91a5367dde72b35eeb5da807102d","0x98965474ecbec2f532f1f780ee37b0b05f77ca55","","0","0","0","0.04283555115","0.00461079166524708","0.11","","","Transfer"
"0x88afb22f0dab3938110161a64fe516d8139c44ccb541d864538cead0dfb36d37","83008458","1771136939","2026-02-15 15:28:59","0xc8f7787d062a91a5367dde72b35eeb5da807102d","0xdc7af0b1c09eeabb8c4fecea47b816b32c1b99ca","","0","0","0","0.02686200118","0.0028914088374605","0.11","","","Flush Tokens"
"0x18b1e442da64fb9aa0694966767ccd0f8398c947621098dc1a54369f47ee771f","83008473","1771136969","2026-02-15 15:29:29","0xc8f7787d062a91a5367dde72b35eeb5da807102d","0xc2132d05d31c914a87c6611c10748aeb04b58e8f","","0","0","0","0.03812923884","0.00410420718132133","0.11","","","Transfer"
"0xd68abbe1ce6e6e7ec89f46dabebd8170cf6d0b1e2180f4d83bdbd4f727e109ec","83008958","1771137939","2026-02-15 15:45:39","0xc8f7787d062a91a5367dde72b35eeb5da807102d","0x005e2cd23ce78e7b77e646ee030057ca91970b85","","0","0","0","0.03482692851","0.00374874858357142","0.11","","","Flush Tokens"
"0x3641e514218b74ce3f045b1e7adcf8d1af467e306725e3546bfc789c90c9a7a2","83009183","1771138389","2026-02-15 15:53:09","0xc8f7787d062a91a5367dde72b35eeb5da807102d","0xc74be2e010f103c18b6c2f759f36843d9a6a333d","","0","0","0","0.0379083399","0.0040804297589684","0.11","","","Flush Tokens"
"0x434cb2fd0ec6bca7a8ac330c614eb59498e11ece02e95fc0b7b2121194858bad","83009326","1771138675","2026-02-15 15:57:55","0xc8f7787d062a91a5367dde72b35eeb5da807102d","0x005e2cd23ce78e7b77e646ee030057ca91970b85","","0","0","0","0.02888112802","0.00310874637497339","0.11","","","Flush Tokens"
"0x71798712ceb522f1ab25e48c5001c96925883693c430281b6d3347344cf5a30d","83009421","1771138865","2026-02-15 16:01:05","0xc8f7787d062a91a5367dde72b35eeb5da807102d","0x9dd2401c7de7c568e6624a39fb5019e055961906","","0","0","0","0.02663155706","0.00286660397796235","0.11","","","Flush Tokens"
"0x678667e02cc0500d5f2facee21608736bcf7dd91767f70f5ab3d17870717d8db","83009486","1771138995","2026-02-15 16:03:15","0xc8f7787d062a91a5367dde72b35eeb5da807102d","0x2060f1bc87225f7d98780e3ba8124224e4e63ff9","","0","0","0","0.02775211067","0.00298721966065448","0.11","","","Flush Tokens"
"0x228b5c9b83d8ac036855af7d014f5425a3d901f139f36d4fff8be751ed844222","83009818","1771139659","2026-02-15 16:14:19","0xc8f7787d062a91a5367dde72b35eeb5da807102d","0x9dd2401c7de7c568e6624a39fb5019e055961906","","0","0","0","0.02495358812","0.00268598846128549","0.11","","","Flush Tokens"
"0x7a459934a3569b8f27dd55ded7a1ab9740c3f2add55c33d077179c8b06595c36","83009939","1771139901","2026-02-15 16:18:21","0xc8f7787d062a91a5367dde72b35eeb5da807102d","0xc2132d05d31c914a87c6611c10748aeb04b58e8f","","0","0","0","0.04134983848","0.0044508704920188","0.11","","","Transfer"
"0x2291079b485856e608f2fb5a6aa9cbaab4651597f004ee3c28caca725700fc23","83010078","1771140179","2026-02-15 16:22:59","0xc8f7787d062a91a5367dde72b35eeb5da807102d","0xb3478d32c0371867beda619254e043da1bd2bb63","","0","0","0","0.03770358515","0.00405839008702829","0.11","","","Flush Tokens"
"0x267859192d2c48ec95a9619d662c919d98ae9d12c450e419748c2e05ef626521","83010123","1771140269","2026-02-15 16:24:29","0xc8f7787d062a91a5367dde72b35eeb5da807102d","0xc2132d05d31c914a87c6611c10748aeb04b58e8f","","0","0","0","0.0495476492","0.0053332776591097","0.11","","","Transfer"
"0x7a955ba46e897d534c00c19b26a9140749eac646ee83a4634d226e8f8b3d3b96","83010504","1771141031","2026-02-15 16:37:11","0xc8f7787d062a91a5367dde72b35eeb5da807102d","0xc2132d05d31c914a87c6611c10748aeb04b58e8f","","0","0","0","0.04619906676","0.00497283836067092","0.11","","","Transfer"
"0xafe4e2f80c084a2ae7c60f613998ad0ae6ba022f35006370e7d1d32ed37cdb09","83010629","1771141281","2026-02-15 16:41:21","0xc8f7787d062a91a5367dde72b35eeb5da807102d","0xc2132d05d31c914a87c6611c10748aeb04b58e8f","","0","0","0","0.07596807796","0.00817715592023632","0.11","","","Transfer"
"0x98986333e4213dd54c147616e4cabe706eed2bc9c8fe423dfd6ffe528851b6fa","83010688","1771141399","2026-02-15 16:43:19","0xc8f7787d062a91a5367dde72b35eeb5da807102d","0xeb5781aa1a01d5590029cd40bf7de0544710093a","","0","0","0","0.03140716807","0.00338064773017798","0.11","","","Flush Tokens"
"0x48b0101fbdf9a4d638ca51e8bb509a83a46ab4be02659a9f28ef6e4f8ab00645","83010871","1771141765","2026-02-15 16:49:25","0xc8f7787d062a91a5367dde72b35eeb5da807102d","0xc2132d05d31c914a87c6611c10748aeb04b58e8f","","0","0","0","0.04504617376","0.00484874168646899","0.11","","","Transfer"
"0xaed9a055a9b4e60e38c3ea348e3d60955de1518fb4e8b382b7c530f5d7d37d84","83011065","1771142153","2026-02-15 16:55:53","0xc8f7787d062a91a5367dde72b35eeb5da807102d","0xc2132d05d31c914a87c6611c10748aeb04b58e8f","","0","0","0","0.05004021008","0.005386296601067","0.11","","","Transfer"
"0xd9dc2afc7e89d17daec2dae98fa199b26e34b6cdd4b061facc593c36f6bf3adc","83011125","1771142273","2026-02-15 16:57:53","0xc8f7787d062a91a5367dde72b35eeb5da807102d","0xc2132d05d31c914a87c6611c10748aeb04b58e8f","","0","0","0","0.045174367","0.00486254032583896","0.11","","","Transfer"
"0xe3c8ef7771b48603a4ce783eff1cdc864bd90c93831e0b986b8fc31d09e31f3b","83011192","1771142407","2026-02-15 17:00:07","0xc8f7787d062a91a5367dde72b35eeb5da807102d","0xc2132d05d31c914a87c6611c10748aeb04b58e8f","","0","0","0","0.04024929272","0.0043324084416611","0.11","","","Transfer"
"0x8d57da72731d86c55c8cea4fa725fdc68111c6b1d98006c983e653238cf7a4d5","83011245","1771142513","2026-02-15 17:01:53","0xc8f7787d062a91a5367dde72b35eeb5da807102d","0xc2132d05d31c914a87c6611c10748aeb04b58e8f","","0","0","0","0.05280503788","0.005683900918832","0.11","","","Transfer"
"0xe07d8ae9aa8cd09f18c0094b180708200ac3fb3e589e80579a7e05332015109a","83011388","1771142799","2026-02-15 17:06:39","0xc8f7787d062a91a5367dde72b35eeb5da807102d","0xe910bc8d652f10e873a9b99f53bf5b8818b4670e","","0","0","0","0.04046445936","0.0043555688428633","0.11","","","Flush Tokens"
"0x94c6e7fbad54cf8a3809e8049d7cba5840e6a85272f226eb2e30eeaf6ca4c399","83011588","1771143199","2026-02-15 17:13:19","0xc8f7787d062a91a5367dde72b35eeb5da807102d","0x5df7e2e5875d6bce782a3f1b67ba24f1ffec2593","","0","0","0","0.03890801551","0.00418803421010288","0.11","","","Flush Tokens"
"0x442ff500aed39ecb0a093e05e73eda6708d09fda6a4464649146f112dbc1ce9a","83012026","1771144075","2026-02-15 17:27:55","0x254df023aed745b3514b98b8a5173bf710500907","0xc8f7787d062a91a5367dde72b35eeb5da807102d","","4.95507533","0","0.533361178247275","0.04492467","0.00483566309850026","0.11","","","Transfer"
"0xad396010d95c47fbff33cd74d23877e553f3fd369f1650044fab6fc67c524b8e","83012246","1771144515","2026-02-15 17:35:15","0xc8f7787d062a91a5367dde72b35eeb5da807102d","0x62a36bf3c68cf490e12e5c5824206f38b770b024","","0","0","0","0.06154965734","0.00662516623326056","0.11","","","Flush Tokens"
"0xec7317a80275e29d308dbb852e3e989b9b971f1c11234a684d156cb1e1a9f783","83013371","1771146765","2026-02-15 18:12:45","0xc8f7787d062a91a5367dde72b35eeb5da807102d","0xc2132d05d31c914a87c6611c10748aeb04b58e8f","","0","0","0","0.06553220076","0.00705384469109384","0.11","","","Transfer"
"0xc6612490201e5e0217c7904ee6e1f969d5fd290a6a602b6b78a55b2b2ad9659c","83013533","1771147089","2026-02-15 18:18:09","0xc8f7787d062a91a5367dde72b35eeb5da807102d","0xc6bde22ed80cf44d7542e00f3a6c01e5b37e8d63","","0","0","0","0.02856570195","0.00307479411206297","0.11","","","Flush Tokens"
"0xacb13f17ad4b8d9a67d2107d858cc9cc72c664f20e95fb32ab38e2101273462c","83013658","1771147339","2026-02-15 18:22:19","0xc8f7787d062a91a5367dde72b35eeb5da807102d","0xc6bde22ed80cf44d7542e00f3a6c01e5b37e8d63","","0","0","0","0.03164596911","0.00340635212326559","0.11","","","Flush Tokens"
"0xb8521a8eb173a8d821431bf8432dba7c59b66f8c07d85fe38117a9e4fe151341","83013729","1771147481","2026-02-15 18:24:41","0x254df023aed745b3514b98b8a5173bf710500907","0xc8f7787d062a91a5367dde72b35eeb5da807102d","","3.97620721","0","0.427996432191659","0.02379279","0.00256104088496067","0.11","","","Transfer"
"0xc8e4f26ecf718b37fed75364589daa03a687b66df0c254cef6eebdd58a3f0635","83013948","1771147919","2026-02-15 18:31:59","0xc8f7787d062a91a5367dde72b35eeb5da807102d","0xc2132d05d31c914a87c6611c10748aeb04b58e8f","","0","0","0","0.04934424348","0.00531138319590657","0.11","","","Transfer"
"0x2ed59ee1693b866a6c8410223e3f6dcd30f2b7b8ecafdf96675f4980e4a68972","83013987","1771147997","2026-02-15 18:33:17","0xc8f7787d062a91a5367dde72b35eeb5da807102d","0x98965474ecbec2f532f1f780ee37b0b05f77ca55","","0","0","0","0.03942985261","0.00424420442588629","0.11","","","Transfer"
"0x53085a56fbf27846e62ae06aa45da61650b9accf779a9ef72ea359e49d41bce1","83014048","1771148119","2026-02-15 18:35:19","0xc8f7787d062a91a5367dde72b35eeb5da807102d","0x4ad01c449e4f32e429099f0dd537a56f8a2d5d6f","","0","0","0","0.03091099204","0.00332723965575848","0.11","","","Flush Tokens"
"0x4e557df17cacaa85311a9d194b9f123d5c74bc9fbc840209968f073284e55f25","83014070","1771148163","2026-02-15 18:36:03","0xc8f7787d062a91a5367dde72b35eeb5da807102d","0xc2132d05d31c914a87c6611c10748aeb04b58e8f","","0","0","0","0.04881042992","0.00525392384153466","0.11","","","Transfer"
"0x7f4c7a5884b3a7603d9a95de495508e7702989850424c592246e9768de3ad8e9","83014296","1771148615","2026-02-15 18:43:35","0xc8f7787d062a91a5367dde72b35eeb5da807102d","0xd96b972296b3a5d07a4deed3b9a5b12ed239a58d","","0","0","0","0.03163797936","0.00340549211162296","0.11","","","Flush Tokens"
"0x7c83decd28f3b14f793bc9135afe9e275747e8e051c534962b192b48c7217f49","83014521","1771149065","2026-02-15 18:51:05","0xc8f7787d062a91a5367dde72b35eeb5da807102d","0x85422f68e51adeb6b66290d17d6090f14eeab8ec","","0","0","0","0.02589468772","0.00278728782770785","0.11","","","Flush Tokens"
"0x253279358482b85be9266f377410020f03a3cddf36cc97a7f434ee60f79b49a9","83014540","1771149103","2026-02-15 18:51:43","0xc8f7787d062a91a5367dde72b35eeb5da807102d","0xc2132d05d31c914a87c6611c10748aeb04b58e8f","","0","0","0","0.04888435552","0.00526188114641758","0.11","","","Transfer"
"0x0b77c2b1fa25c31d146370235399eee899f8bf481b99549c950096e3aa00654d","83014771","1771149565","2026-02-15 18:59:25","0xc8f7787d062a91a5367dde72b35eeb5da807102d","0xc2132d05d31c914a87c6611c10748aeb04b58e8f","","0","0","0","0.04358349024","0.00469129935639848","0.11","","","Transfer"
"0x58c430ba146f5a186ef4a3c6197d3a991e68f3056dd096768c761c0b5ba82ee1","83015196","1771150415","2026-02-15 19:13:35","0xc8f7787d062a91a5367dde72b35eeb5da807102d","0xd6d343b1d8b8e2b61b2f7cc14999ab366a014e53","","0","0","0","0.03548801295","0.00381990729506559","0.11","","","Flush Tokens"
"0x94fd46e9b987f5cecb80222983efdc91fbf5a4510fb735a9638c4123625aa5d1","83015598","1771151219","2026-02-15 19:26:59","0xc8f7787d062a91a5367dde72b35eeb5da807102d","0xc9f7d17fee606cb75f55b9ae5c37923a74fb1fc9","","0","0","0","0.0186034028","0.00200245852504863","0.11","","","Flush Tokens"
"0xb786d8ba829753f32ed33fbfb19770423c055e5ae58bfd4e2871a5e15218350e","83015883","1771151789","2026-02-15 19:36:29","0xc8f7787d062a91a5367dde72b35eeb5da807102d","0xc9f7d17fee606cb75f55b9ae5c37923a74fb1fc9","","0","0","0","0.02418862047","0.00260364782669315","0.11","","","Flush Tokens"
"0x856459f6b2b9fc9e2e6626713910eacdc5740404910f37e53978d0eb2f89729e","83015993","1771152009","2026-02-15 19:40:09","0xc8f7787d062a91a5367dde72b35eeb5da807102d","0x926def4b55f1b7b0adf037e7eed229a48f8332ac","","0","0","0","0.03117035084","0.00335515687314552","0.11","","","Flush Tokens"
"0x5c51aed74714eb623109df91620ba21c89c345d1002b97783fb457f9fb0af0c7","83016333","1771152689","2026-02-15 19:51:29","0xc8f7787d062a91a5367dde72b35eeb5da807102d","0x0b01ce2eb04b03e099221236db1b6a4f4b9c3574","","0","0","0","0.0351164187","0.00377990912474314","0.11","","","Flush Tokens"
"0xb51a1cd7967243d50aee0f4ca616385372f9fb90b25c4e1dc2d042de2dc628b7","83016556","1771153135","2026-02-15 19:58:55","0xc8f7787d062a91a5367dde72b35eeb5da807102d","0x926def4b55f1b7b0adf037e7eed229a48f8332ac","","0","0","0","0.02345455675","0.00252463367160305","0.11","","","Flush Tokens"
"0xacd4ebcd9f61e652584ca411c386276bec968a898e813d7c9976ffc21f1b4075","83016828","1771153679","2026-02-15 20:07:59","0xc8f7787d062a91a5367dde72b35eeb5da807102d","0x1367056f320d4fe2a7d66dc6857c01ab05d1de76","","0","0","0","0.03273373885","0.0035234389709015","0.11","","","Flush Tokens"
"0x308df62b15386de7698593a38d50cb2cf207c8257e4f821f66ae7e9f92536da9","83017023","1771154069","2026-02-15 20:14:29","0xc8f7787d062a91a5367dde72b35eeb5da807102d","0xbbd4272a02ead11977a5d9ab5ccfce56940767d0","","0","0","0","0.03214581015","0.00346015469704619","0.11","","","Flush Tokens"
"0x0b2e4ae5f018b7b35e929a5ba42df8829b03ea13ac60d171b9602e71695f90e2","83017188","1771154399","2026-02-15 20:19:59","0xc8f7787d062a91a5367dde72b35eeb5da807102d","0x2fa347f541c79e4d3d9c9de43331f5d4c62986ce","","0","0","0","0.02140879289","0.00230442894208478","0.11","","","Flush Tokens"
"0x97d009a613e5359339fd964272c49ae50fd3f64cbf891ecc8ddf0fb1bdb8021c","83017441","1771154905","2026-02-15 20:28:25","0xc8f7787d062a91a5367dde72b35eeb5da807102d","0x2fa347f541c79e4d3d9c9de43331f5d4c62986ce","","0","0","0","0.0339676159","0.0036562527170853","0.11","","","Flush Tokens"
"0x58589068c7387b7b15ecc0a76d58878a782b91f6fcaff6c8d03e21037936bc81","83017595","1771155213","2026-02-15 20:33:33","0xc8f7787d062a91a5367dde72b35eeb5da807102d","0xc2132d05d31c914a87c6611c10748aeb04b58e8f","","0","0","0","0.053160002","0.00572210903246702","0.11","","","Transfer"
"0x53b43381616155115cf1e1c0fc6f1054955ac085ea039bf2113ac387a81b935d","83017718","1771155459","2026-02-15 20:37:39","0xc8f7787d062a91a5367dde72b35eeb5da807102d","0x2fa347f541c79e4d3d9c9de43331f5d4c62986ce","","0","0","0","0.03428657498","0.00369058527096022","0.11","","","Flush Tokens"
"0x7fc83b5f2f76e231a3c4a1c2f57052637a0541599f13a8d3389cf4783cd459b1","83017756","1771155535","2026-02-15 20:38:55","0xc8f7787d062a91a5367dde72b35eeb5da807102d","0xc2132d05d31c914a87c6611c10748aeb04b58e8f","","0","0","0","0.0496367048","0.00534286354763453","0.11","","","Transfer"
"0xea48774cc742427485737b4f68d78f5ad8f4ea0c1fd11515b96345d961e9a016","83017908","1771155839","2026-02-15 20:43:59","0xc8f7787d062a91a5367dde72b35eeb5da807102d","0x98965474ecbec2f532f1f780ee37b0b05f77ca55","","0","0","0","0.04262502856","0.00458813114665309","0.11","","","Transfer"
"0x1dff5e6333510720cda98520ef408e9e243bc1de45ebc3ace55d272a818b49df","83018349","1771156721","2026-02-15 20:58:41","0xc8f7787d062a91a5367dde72b35eeb5da807102d","0xc2132d05d31c914a87c6611c10748aeb04b58e8f","","0","0","0","0.04384674196","0.00471963560523505","0.11","","","Transfer"
"0xb90cd30ad8f9bb28299110395fdde911e4e1d998f53cef5d556e695dfe4f2146","83018818","1771157659","2026-02-15 21:14:19","0xc8f7787d062a91a5367dde72b35eeb5da807102d","0x63b6a344884f96eac60665abbbbdeedf366d1fc3","","0","0","0","0.03889428475","0.00418655623977063","0.11","","","Flush Tokens"
"0x660276fc7431bdae965c5bc4d6643cd8731486d51ccdd59e281c7c9b2352b021","83018839","1771157701","2026-02-15 21:15:01","0xc8f7787d062a91a5367dde72b35eeb5da807102d","0xc2132d05d31c914a87c6611c10748aeb04b58e8f","","0","0","0","0.05491916864","0.00591146461827679","0.11","","","Transfer"
"0x3ee5b7af38c98eee26715294cb0d0b1e53ae3c3e30b774ff47fff7f8b2ebcd2e","83019116","1771158255","2026-02-15 21:24:15","0xc8f7787d062a91a5367dde72b35eeb5da807102d","0x905d0e845e7c54b1e59a816e68f21a982cbdf2d4","","0","0","0","0.04296447483","0.00462466892871721","0.11","","","Flush Tokens"
"0x32423e95a8adf922d32e53b79403bcf658d6b620047f78208ec0cd1f91ccea84","83019346","1771158715","2026-02-15 21:31:55","0xc8f7787d062a91a5367dde72b35eeb5da807102d","0xf768d588fd62348501783bee1e6efc93d817b8ce","","0","0","0","0.03197207466","0.00344145391865666","0.11","","","Flush Tokens"
"0xe074756cbda9fc2c2007d119d449de43d5ef68f7cfb799bef5cc28e19c3005c6","83019472","1771158967","2026-02-15 21:36:07","0xc8f7787d062a91a5367dde72b35eeb5da807102d","0xc2132d05d31c914a87c6611c10748aeb04b58e8f","","0","0","0","0.04690772576","0.00504911796774917","0.11","","","Transfer"
"0x4f63eb2b12765dafeaee3834d2d0668f287f23e62517d2d422af9a2edd80df6c","83019569","1771159161","2026-02-15 21:39:21","0xc8f7787d062a91a5367dde72b35eeb5da807102d","0xc2132d05d31c914a87c6611c10748aeb04b58e8f","","0","0","0","0.07201704","0.00775186869021447","0.11","","","Transfer"
"0x178a0f633b18a860fa96826bcc31a41f994a6ddd343a9b02abc3350e24c1aa8b","83019726","1771159475","2026-02-15 21:44:35","0xc8f7787d062a91a5367dde72b35eeb5da807102d","0x019cea09061475ea95248acf6c9395329c17287b","","0","0","0","0.02399908002","0.0025832458123937","0.11","","","Flush Tokens"
"0x8cb61ee6f6e15ad1520f50b261c24189f0f5fbf0b45afc1bdd1bda65ad0af4af","83019798","1771159619","2026-02-15 21:46:59","0xc8f7787d062a91a5367dde72b35eeb5da807102d","0xc2132d05d31c914a87c6611c10748aeb04b58e8f","","0","0","0","0.03823923964","0.00411604759794243","0.11","","","Transfer"
"0xf6f3ef14cbd8049f6eea5820c67cd9d71d2815760bdd6af2e0241cec0b4ddf58","83020358","1771160739","2026-02-15 22:05:39","0xc8f7787d062a91a5367dde72b35eeb5da807102d","0x23acf0b711e22d4e694861d18bcf3c34606e7ca2","","0","0","0","0.11907398688","0.0128170487250529","0.11","","","Flush Tokens"
"0x28ecd277f502be237c6d74c2be0fb0241933713f59e9956bab4695f683aead70","83020581","1771161185","2026-02-15 22:13:05","0xc8f7787d062a91a5367dde72b35eeb5da807102d","0xedc959e6f03859fa21d27def3e8fb35fe0ce0714","","0","0","0","0.10753740527","0.0115752583685669","0.11","","","Flush Tokens"
"0x756e84f2e2ce83e305d8456d4244ac06ad1876b33147c79e0863cc29d594d326","83020681","1771161385","2026-02-15 22:16:25","0xc8f7787d062a91a5367dde72b35eeb5da807102d","0x10d560c247d1c1507f1393c9ed392c2aa4216e8d","","0","0","0","0.13048287847","0.0140450946084517","0.11","","","Flush Tokens"
"0x046cd166c6b8d831a5ae07928665e41ce649bb47572edae9bd428aa9b55d6395","83021243","1771162509","2026-02-15 22:35:09","0xc8f7787d062a91a5367dde72b35eeb5da807102d","0x1f79a54a40121ae301d4a062fc85893f8e2a2105","","0","0","0","0.34116247257","0.0367225130245777","0.11","","","Flush Tokens"
"0xec6e1f10407d884306735fc8124469aab92f10e7ee4b2211aec33c583938e625","83021417","1771162857","2026-02-15 22:40:57","0xc8f7787d062a91a5367dde72b35eeb5da807102d","0x98965474ecbec2f532f1f780ee37b0b05f77ca55","","0","0","0","0.6481179448","0.0697630061421751","0.11","","","Transfer"
"0xf4dc972e93e9b58500aa79f6a60d77b7203503ff2f37b99d63989f415067b768","83021463","1771162949","2026-02-15 22:42:29","0xc8f7787d062a91a5367dde72b35eeb5da807102d","0x6b423a0b6960d211ef2c3faea033c6d166cac564","","0","0","0","0.38659508784","0.0416128510310561","0.11","","","Flush Tokens"
"0x927f5304936ba0a2631276db08acf1344b9a0166f5012f3ec4d2b7499a82f396","83021583","1771163189","2026-02-15 22:46:29","0xc8f7787d062a91a5367dde72b35eeb5da807102d","0x1f79a54a40121ae301d4a062fc85893f8e2a2105","","0","0","0","0.360507697","0.038804820761248","0.11","","","Flush Tokens"
"0x0b6c4598e1ae478c0e2c3b727282b07a6cc79de8d68737c56c76f47be59515c4","83021636","1771163295","2026-02-15 22:48:15","0xc8f7787d062a91a5367dde72b35eeb5da807102d","0xfd8ef8f24a912c4ea7638fd7f6c6a5b045ea87db","","0","0","0","0.34310267993","0.0369313557191193","0.11","","","Flush Tokens"
"0xba71127f896f137cadd0a65131b72c2962ccf37600378bbda62d1de6800cc7f3","83022248","1771164519","2026-02-15 23:08:39","0xc8f7787d062a91a5367dde72b35eeb5da807102d","0x8441b1efbdbe9535f6fdebdffd9b619f3d378f70","","0","0","0","0.36270848016","0.0390417116702877","0.11","","","Flush Tokens"
"0xec1b093e1e1369a554705001d288c5190fa7210b28eb7ea5519827476f57da09","83022423","1771164869","2026-02-15 23:14:29","0xc8f7787d062a91a5367dde72b35eeb5da807102d","0xdbc16200d5e04613f1af2758e1b5cc3f470beca4","","0","0","0","0.4389494616","0.0472482427487097","0.11","","","Flush Tokens"
"0xa685171ab0e61ba2a68d1c17c27fbbf46817f7edb55ac19161259a71b6b9d627","83022483","1771164989","2026-02-15 23:16:29","0xc8f7787d062a91a5367dde72b35eeb5da807102d","0xdbc16200d5e04613f1af2758e1b5cc3f470beca4","","0","0","0","0.492216192","0.0529818399587291","0.11","","","Flush Tokens"
"0x162b18f52936974193198db67355bada31d4d637b7733b215863b54406e16c97","83022723","1771165469","2026-02-15 23:24:29","0xc8f7787d062a91a5367dde72b35eeb5da807102d","0xdbc16200d5e04613f1af2758e1b5cc3f470beca4","","0","0","0","0.30650246628","0.0329917318433172","0.11","","","Flush Tokens"
"0xd15b7bcf86c7be04d23136765b473e05762d6c79c0029bbb6ee4d582fb2aa0b9","83023093","1771166209","2026-02-15 23:36:49","0xc8f7787d062a91a5367dde72b35eeb5da807102d","0x6b423a0b6960d211ef2c3faea033c6d166cac564","","0","0","0","0.12599726786","0.0135622663160899","0.11","","","Flush Tokens"
"0x1aa395d357daa4139469fc70c4bb71f5cc7eb6424e668d32d86eac2b5a8aea21","83023616","1771167255","2026-02-15 23:54:15","0xc8f7787d062a91a5367dde72b35eeb5da807102d","0xd96b972296b3a5d07a4deed3b9a5b12ed239a58d","","0","0","0","0.04373402084","0.00470750237508766","0.11","","","Flush Tokens"
"0xcd80d2a222a8857f01e60072099f56dc19cb482b1dde9b8f09d5f42680f7b342","83023673","1771167369","2026-02-15 23:56:09","0xc8f7787d062a91a5367dde72b35eeb5da807102d","0xc48c144a0ab8c001d8eccb2e7c448e938295013e","","0","0","0","0.03869362801","0.00416495767503808","0.11","","","Flush Tokens"
"0x06ada1007d31d933e8f5682d7a7d3f0ff42f991607ab19b0ad44dd93510dc931","83023781","1771167585","2026-02-15 23:59:45","0xc8f7787d062a91a5367dde72b35eeb5da807102d","0xdbc16200d5e04613f1af2758e1b5cc3f470beca4","","0","0","0","0.03097222387","0.00333383061125764","0.11","","","Flush Tokens"
"0xdb4b11b06feb041ecc6c019402a170509acc65c83f50f66209e724df165fedc4","83023923","1771167869","2026-02-16 00:04:29","0xc8f7787d062a91a5367dde72b35eeb5da807102d","0x6198dcf0b99904c555d67c5647e6dd31887816f4","","0","0","0","0.04196310961","0.00451688260902971","0.11","","","Flush Tokens"
"0x75467c424fc7088c50d35006ded31f2b5e58f185e188fd16ab9e6986ecc170cf","83024191","1771168405","2026-02-16 00:13:25","0xc8f7787d062a91a5367dde72b35eeb5da807102d","0x6198dcf0b99904c555d67c5647e6dd31887816f4","","0","0","0","0.0381224776","0.00410347940571901","0.11","","","Flush Tokens"
"0xa57378282a58a54975168046781402b64f2e2e2cb0f879d721a16f28850a955e","83024318","1771168659","2026-02-16 00:17:39","0xc8f7787d062a91a5367dde72b35eeb5da807102d","0x0bed8465a16298c24446493ec8179aff00b1aeaf","","0","0","0","0.0303907488","0.00327124100205858","0.11","","","Flush Tokens"
"0x5df3ccf962363e904f1b5167e4905dbd77deed7a673a750eb82b52bba7ccdc29","83024408","1771168839","2026-02-16 00:20:39","0xc8f7787d062a91a5367dde72b35eeb5da807102d","0x0bed8465a16298c24446493ec8179aff00b1aeaf","","0","0","0","0.02488242558","0.00267832857043546","0.11","","","Flush Tokens"
"0xc02e9cc96a9eca99092b516a87cc514009a09c0fb0177e53726a064a4fdc483a","83024529","1771169081","2026-02-16 00:24:41","0xc8f7787d062a91a5367dde72b35eeb5da807102d","0x98965474ecbec2f532f1f780ee37b0b05f77ca55","","0","0","0","0.0287636969","0.00309610616340145","0.11","","","Transfer"
"0x07d73961d90da09f8f9fd153e7ba28f723fdadd79b82cd9c1aedee0a92b5dcac","83024586","1771169195","2026-02-16 00:26:35","0xc8f7787d062a91a5367dde72b35eeb5da807102d","0x6198dcf0b99904c555d67c5647e6dd31887816f4","","0","0","0","0.01949694606","0.00209863895707619","0.11","","","Flush Tokens"
"0xb48057b9791da3a8b1ccfc599b37502911d0c88f6832f424d007341bce6976b4","83024791","1771169605","2026-02-16 00:33:25","0xc8f7787d062a91a5367dde72b35eeb5da807102d","0x136cf28254e19a8c1f8ff2496dbb950fa12d39a2","","0","0","0","0.01835230497","0.00197543051325367","0.11","","","Flush Tokens"
"0x8abac25147a51be9361bc6044b1731aa4d8599849a767640152ad8ae9698b950","83025303","1771170629","2026-02-16 00:50:29","0xc8f7787d062a91a5367dde72b35eeb5da807102d","0x6198dcf0b99904c555d67c5647e6dd31887816f4","","0","0","0","0.02658233969","0.00286130625134769","0.11","","","Flush Tokens"
"0x580fda505bc7ca538126e7fcac94d48f2296061b3d2dff58e81434cbf5655615","83025816","1771171655","2026-02-16 01:07:35","0x254df023aed745b3514b98b8a5173bf710500907","0xc8f7787d062a91a5367dde72b35eeb5da807102d","","7.97808524","0","0.85875605523107","0.02191476","0.00235889092217015","0.11","","","Transfer"
"0x1a9529316e707759ec4ea59f9410dc3f78cef98793b98860f45432e8240018ec","83025907","1771171837","2026-02-16 01:10:37","0xc8f7787d062a91a5367dde72b35eeb5da807102d","0xc2132d05d31c914a87c6611c10748aeb04b58e8f","","0","0","0","0.0273394296","0.00294279893098304","0.11","","","Transfer"
"0x03e3d8697347b4ec0b1381a7dce4ef6ba6d6ffbb960ae5cee59786956ae3449d","83026393","1771172809","2026-02-16 01:26:49","0xc8f7787d062a91a5367dde72b35eeb5da807102d","0x136cf28254e19a8c1f8ff2496dbb950fa12d39a2","","0","0","0","0.02898868564","0.00312032380924273","0.11","","","Flush Tokens"
"0x3c2de1cbb991da97b73aebb8984d605f777e169112af3f44387d526bbcbb0645","83026666","1771173355","2026-02-16 01:35:55","0xc8f7787d062a91a5367dde72b35eeb5da807102d","0x10d560c247d1c1507f1393c9ed392c2aa4216e8d","","0","0","0","0.02220237529","0.0023898496502903","0.11","","","Flush Tokens"
"0x3f7211d4281fd9b0caf1e68cebd6c075fe201a303b910d265e9279f1a4ea8517","83026765","1771173553","2026-02-16 01:39:13","0xc8f7787d062a91a5367dde72b35eeb5da807102d","0x98965474ecbec2f532f1f780ee37b0b05f77ca55","","0","0","0","0.02266127979","0.00243924584076617","0.11","","","Transfer"
"0xbf060dcb2968215a1553fcb6e6219853183f43978735d091348309cb7a412686","83026976","1771173975","2026-02-16 01:46:15","0xc8f7787d062a91a5367dde72b35eeb5da807102d","0x0c1560d09ad6335f821b061086d1441aac7477f1","","0","0","0","0.02034974914","0.00219043414186538","0.11","","","Flush Tokens"
"0x15e3f50740480379709eb31476c5686715d9a1d86d8235cfc6daa5704f11b3da","83028033","1771176089","2026-02-16 02:21:29","0xc8f7787d062a91a5367dde72b35eeb5da807102d","0x0c1560d09ad6335f821b061086d1441aac7477f1","","0","0","0","0.02688787936","0.00289419434840765","0.11","","","Flush Tokens"
"0x082177d999909214468743b49bc461987360ecb6e8fe796b2326c9909b959a96","83028412","1771176847","2026-02-16 02:34:07","0xc8f7787d062a91a5367dde72b35eeb5da807102d","0xc2132d05d31c914a87c6611c10748aeb04b58e8f","","0","0","0","0.03742223192","0.00402810540309061","0.11","","","Transfer"
"0xf15c1d78742ff1eb0fe6b3f4a6123f4b10faf8fc8cbf48cd36a8da67b96bd605","83030124","1771180271","2026-02-16 03:31:11","0xc8f7787d062a91a5367dde72b35eeb5da807102d","0xc2132d05d31c914a87c6611c10748aeb04b58e8f","","0","0","0","0.03935532468","0.00423618228658268","0.11","","","Transfer"
"0x5dc62e006fdf506d0579dc8885417c5bb8c2325681a4f54b4b3103a093e0f4ba","83030951","1771181925","2026-02-16 03:58:45","0xc8f7787d062a91a5367dde72b35eeb5da807102d","0xfd8ef8f24a912c4ea7638fd7f6c6a5b045ea87db","","0","0","0","0.02612145145","0.0028116965323514","0.11","","","Flush Tokens"
"0x6b98eaafead0b840454fe26f635aa6c7a6343b30dda48e405fd311e523db849b","83031259","1771182541","2026-02-16 04:09:01","0xc8f7787d062a91a5367dde72b35eeb5da807102d","0xc2132d05d31c914a87c6611c10748aeb04b58e8f","","0","0","0","0.07857484068","0.0084577462126447","0.11","","","Transfer"
"0xb60170546df778b5b2747b70fce35e2cf575125d0fc9a7f2531d897cde901221","83031309","1771182641","2026-02-16 04:10:41","0xc8f7787d062a91a5367dde72b35eeb5da807102d","0xc2132d05d31c914a87c6611c10748aeb04b58e8f","","0","0","0","0.0790123054","0.00850483463874554","0.11","","","Transfer"
"0xd553f3b1e825a568c5cb846449ff31ec758c7591c90dd065d7ed9922237b6aed","83031953","1771183929","2026-02-16 04:32:09","0xc8f7787d062a91a5367dde72b35eeb5da807102d","0xe910bc8d652f10e873a9b99f53bf5b8818b4670e","","0","0","0","0.01648613505","0.00177455716198197","0.11","","","Flush Tokens"
"0x6a61c806af45503662165e02cbd082343406fc338661d2b34f8db4642d80a17e","83032185","1771184393","2026-02-16 04:39:53","0x3a58bdb74150eda937e362e6c6485b745e468843","0xc8f7787d062a91a5367dde72b35eeb5da807102d","","0.0000000000000001","0","0.0000000000000000107639368269","0.005179240922961","0.000557490221061277","0.11","","","Transfer"
"0x1246b69bdeb59b18e3f51a14887382df957e8578e7e1ccb61a437a5a26002869","83035683","1771191389","2026-02-16 06:36:29","0xc8f7787d062a91a5367dde72b35eeb5da807102d","0xdc7af0b1c09eeabb8c4fecea47b816b32c1b99ca","","0","0","0","0.02114935249","0.00227650294132528","0.11","","","Flush Tokens"
"0x2db854b65c925a1e5559a95dded900fe3523dde80eb0564af19ae5e76fccb287","83036371","1771192765","2026-02-16 06:59:25","0xc8f7787d062a91a5367dde72b35eeb5da807102d","0x1e09ee17a7a685860fd3e045d65b0aaa0631009d","","0","0","0","0.01373533692","0.0014784629890328","0.11","","","Flush Tokens"
"0x330d4ee96dae7231c33d7c6d379c49285b6cc20a08be9ff06fd2dd42b4b8afbd","83037891","1771195805","2026-02-16 07:50:05","0xa6d1d5a3e98cb76305ba5103885fde246c421682","0xc8f7787d062a91a5367dde72b35eeb5da807102d","","2499.97504063","0","269.095734062068","0.01595937","0.0017178565047737","0.11","","","Transfer"
"0x6b14911a3426bca06669ebb163865a0d16ec60b04b6684ce0334e6e21d46a826","83038153","1771196329","2026-02-16 07:58:49","0xc8f7787d062a91a5367dde72b35eeb5da807102d","0x0a7ea106b34fad7eedda52e966aba413e9291169","","0","0","0","0.01811618899","0.00195001513832822","0.11","","","Flush Tokens"
"0xb666569c015b5aea71cf6e4b7ca65327e59044bb0eb14de9d697f28e291e592e","83038163","1771196349","2026-02-16 07:59:09","0xc8f7787d062a91a5367dde72b35eeb5da807102d","0x2f8e74b6fc9e6eda3ec3ba786c1bc6a8c1a4ea81","","0","0","0","0.01803497185","0.00194127297668599","0.11","","","Flush Tokens"
"0x6123ec4e6602ef1cbea050c06c2326d3bd1875e35c9f98feaf8cfedc94ff7ad0","83039328","1771198679","2026-02-16 08:37:59","0xc8f7787d062a91a5367dde72b35eeb5da807102d","0xd2df4a2ac49a97d7e1cf1e6e4b9f311e6efa56dc","","0","0","0","0.02096391245","0.00225654229256787","0.11","","","Flush Tokens"
"0xbdabf5488229949ffa8fd9dd0c9b57f709542497fa1b2a4134d8ce26cf96833d","83039358","1771198739","2026-02-16 08:38:59","0xc8f7787d062a91a5367dde72b35eeb5da807102d","0x5d42cc32fe16d44468eda3447e04d40e4ea14d10","","0","0","0","0.0190345317","0.00204886496748721","0.11","","","Flush Tokens"
"0xde549370d084ab02b68e7308a3aa014aa7eda6ef28919ef62b09f5bae830fef1","83039368","1771198759","2026-02-16 08:39:19","0xc8f7787d062a91a5367dde72b35eeb5da807102d","0x5d42cc32fe16d44468eda3447e04d40e4ea14d10","","0","0","0","0.0184469755","0.00198562078929658","0.11","","","Flush Tokens"
"0xf5eb72cd93c2edb7daa8a5d81bf52fda8b5043ff1fc990a211d9f00e848b2318","83039511","1771199045","2026-02-16 08:44:05","0xc8f7787d062a91a5367dde72b35eeb5da807102d","0xc2132d05d31c914a87c6611c10748aeb04b58e8f","","0","0","0","0.0210168824","0.00226224394452312","0.11","","","Transfer"
"0x468fe5bfb9b42a6df035989e2940951e79d4a62ef772d2beedbd776b8923d8c3","83039689","1771199401","2026-02-16 08:50:01","0xc8f7787d062a91a5367dde72b35eeb5da807102d","0x98965474ecbec2f532f1f780ee37b0b05f77ca55","","0","0","0","0.0235262488","0.00253235055857497","0.11","","","Transfer"
"0x2460221ee963ba3aeb04924cb8d38a238dc13a56c8387468d88d262fbc8bced3","83039928","1771199879","2026-02-16 08:57:59","0xc8f7787d062a91a5367dde72b35eeb5da807102d","0xe98d0ee836641acf95fb6f9f6f321b5a0574c5fa","","0","0","0","0.01956600299","0.002106072201396","0.11","","","Flush Tokens"
"0x0cedbc11a01592855bb8d06493635f2187a6c7187dc186b0230c2613604bd79c","83040031","1771200085","2026-02-16 09:01:25","0xc8f7787d062a91a5367dde72b35eeb5da807102d","0xc2132d05d31c914a87c6611c10748aeb04b58e8f","","0","0","0","0.0681795912","0.00733880812561724","","","","Transfer"
"0x176cecb11690e4932c463ef9915e946a77e968fbfc4695ad06461aac4db0de38","83040088","1771200199","2026-02-16 09:03:19","0xc8f7787d062a91a5367dde72b35eeb5da807102d","0x2b507711f136bada2f6f54de1ff918ebcc49b84b","","0","0","0","0.02475824476","0.00266496182541952","","","","Flush Tokens"
"0xfdc53e8c66218530ee2e0d445dee56e5b394bd91f2826e7508c113768d045860","83040098","1771200219","2026-02-16 09:03:39","0xc8f7787d062a91a5367dde72b35eeb5da807102d","0x102fe891ebc751d2e6d41e5fc52d954401c018ec","","0","0","0","0.02499288571","0.00269021842904759","","","","Flush Tokens"
"0xd6786afe0976b2caa5d0df0772e8546341c2397c04e2a3f07a930850caea0dcd","83040264","1771200551","2026-02-16 09:09:11","0xc8f7787d062a91a5367dde72b35eeb5da807102d","0xc2132d05d31c914a87c6611c10748aeb04b58e8f","","0","0","0","0.04123083832","0.00443806138997247","","","","Transfer"
"0xa6dd7c54718e33f3c5daf76f723d8feced120b70ca0662849515aec64ecbb281","83040291","1771200605","2026-02-16 09:10:05","0xc8f7787d062a91a5367dde72b35eeb5da807102d","0x63b6a344884f96eac60665abbbbdeedf366d1fc3","","0","0","0","0.0260127154","0.00279999225262132","","","","Flush Tokens"
"0x8e2404866d2ec0de8d2308afe450d67be2172f34ad5a1200b540b8d73336d469","83040411","1771200845","2026-02-16 09:14:05","0xc8f7787d062a91a5367dde72b35eeb5da807102d","0xfd8ef8f24a912c4ea7638fd7f6c6a5b045ea87db","","0","0","0","0.02081251945","0.0022402464456875","","","","Flush Tokens"
"0xa11505128205b91bdb10d5476b5849d3b78246cb09bd2e0006b0872e58e9ede8","83040533","1771201089","2026-02-16 09:18:09","0xc8f7787d062a91a5367dde72b35eeb5da807102d","0x451afb78ab4d0c8c9a35e3dfab1868b2d0a223a0","","0","0","0","0.02047862275","0.00220430601583235","","","","Flush Tokens"
"0x331b3f520b24d558c7a49060cd9dc4ff3a6162e92c851c52c92adcbddf8cb0f0","83040586","1771201195","2026-02-16 09:19:55","0xc8f7787d062a91a5367dde72b35eeb5da807102d","0x244e878c6b169c30e250400a8b637a99c31f795c","","0","0","0","0.02214055338","0.0023831951789527","","","","Flush Tokens"
"0xda6875689c4a33671d7d428b9d1b940ed0dcc29b01b49a4efb6999979396c3bf","83040784","1771201591","2026-02-16 09:26:31","0xc8f7787d062a91a5367dde72b35eeb5da807102d","0xc2132d05d31c914a87c6611c10748aeb04b58e8f","","0","0","0","0.03825815792","0.00411808394965037","","","","Transfer"
"0x294f6af1c0dfc7257a997f5bd3e72d362e861bc25484c682c564a1f9dce37649","83041031","1771202085","2026-02-16 09:34:45","0xc8f7787d062a91a5367dde72b35eeb5da807102d","0xbf144d9c891d8d0887ac8aecfb2d28a5cbffc220","","0","0","0","0.01595596613","0.00171749011435723","","","","Flush Tokens"
"0x41bbf3f62ae15ff1f5b0a9417bd3c07110bfcb9ae2cd45a5d9d55aeeb4647daf","83041103","1771202229","2026-02-16 09:37:09","0xc8f7787d062a91a5367dde72b35eeb5da807102d","0xdbe705204c66a658133e7a89fe11c9e466c05fe1","","0","0","0","0.0195457819","0.00210389561604268","","","","Flush Tokens"
"0xa38c458e014b34a6b932e45f5b405bf764658207264477de8503275f3e249b7f","83041198","1771202419","2026-02-16 09:40:19","0xc8f7787d062a91a5367dde72b35eeb5da807102d","0xdc7af0b1c09eeabb8c4fecea47b816b32c1b99ca","","0","0","0","0.02214934262","0.00238414124719387","","","","Flush Tokens"
"0xc01ee47d909fff4ff819689f0f347a4d76948d6df55bc3c9949318512df319fe","83041210","1771202443","2026-02-16 09:40:43","0xc8f7787d062a91a5367dde72b35eeb5da807102d","0xc2132d05d31c914a87c6611c10748aeb04b58e8f","","0","0","0","0.03342416616","0.00359775613038567","","","","Transfer"
"0xb1bac6b910a5f520da6fa3a7e84a5d0b05ae68df64461b5cc84f029333f11d08","83041293","1771202609","2026-02-16 09:43:29","0xc8f7787d062a91a5367dde72b35eeb5da807102d","0xc2132d05d31c914a87c6611c10748aeb04b58e8f","","0","0","0","0.02787970276","0.00300095359261822","","","","Transfer"
"0xc50d6236cebeb98615474b4d4b75113af8c9fd02de7dc05ba4f40cecb983a143","83041315","1771202653","2026-02-16 09:44:13","0xc8f7787d062a91a5367dde72b35eeb5da807102d","0xc2132d05d31c914a87c6611c10748aeb04b58e8f","","0","0","0","0.03863020568","0.00415813093550272","","","","Transfer"
"0x433928eee989d88b7184ad650f53af5741af9c4fdd57395fd80ed4838293cdb8","83041726","1771203475","2026-02-16 09:57:55","0xc8f7787d062a91a5367dde72b35eeb5da807102d","0x0398b2b13c98f569fec85bd7751ba567492ff8ad","","0","0","0","0.01253020826","0.00134874370138735","","","","Flush Tokens"
"0x59d879e3830cdab8d465b84c61f1160657113acc87225c1e6ea4fce5aac38112","83041833","1771203689","2026-02-16 10:01:29","0xc8f7787d062a91a5367dde72b35eeb5da807102d","0xc2132d05d31c914a87c6611c10748aeb04b58e8f","","0","0","0","0.01558711336","0.00167778703521011","","","","Transfer"
"0x7bb0d35f298a91647bc92d08438ad49fe51bc900c11ef036e34a443016a5c832","83042066","1771204155","2026-02-16 10:09:15","0xc8f7787d062a91a5367dde72b35eeb5da807102d","0x71dce958d6bc5bde65838e90f73a5984f3158cd9","","0","0","0","0.01319368893","0.00142016034156494","","","","Flush Tokens"
"0x1f2b60b8c9b9ebfc5654de2e83b0bb81e2e6bd4b5f7267b4dfb0cab468840bd5","83042076","1771204175","2026-02-16 10:09:35","0xc8f7787d062a91a5367dde72b35eeb5da807102d","0xe98d0ee836641acf95fb6f9f6f321b5a0574c5fa","","0","0","0","0.01384877594","0.00149067349348267","","","","Flush Tokens"
"0xe27a9d28c169e2d84e49c77e8f0cb38c252e222f056e3674a53877e85039e66d","83042111","1771204245","2026-02-16 10:10:45","0xc8f7787d062a91a5367dde72b35eeb5da807102d","0x378b15c617e76a3426ccef16cc860c1b20c573d8","","0","0","0","0.01687063248","0.00181594422244829","","","","Flush Tokens"
"0x900055eeef8de4129e2309783b91f7a8115f9a039dae0d674b99708bb4a39dd9","83042286","1771204595","2026-02-16 10:16:35","0xc8f7787d062a91a5367dde72b35eeb5da807102d","0x4b731eaa420b475d1b8957c965dbe30a626f3858","","0","0","0","0.0207410758","0.00223255629633466","","","","Flush Tokens"
"0x630340acfc524f8a730e73473e50e9c9830f7c85dd366a2a2a639f72cc0b3b90","83042433","1771204889","2026-02-16 10:21:29","0xc8f7787d062a91a5367dde72b35eeb5da807102d","0x102fe891ebc751d2e6d41e5fc52d954401c018ec","","0","0","0","0.02185213075","0.00235214954926498","","","","Flush Tokens"
"0x95fb3e93d9627b6f108d6bc34c885437132f5542186c511afc85e06a8d62f392","83042772","1771205567","2026-02-16 10:32:47","0xc8f7787d062a91a5367dde72b35eeb5da807102d","0xc2132d05d31c914a87c6611c10748aeb04b58e8f","","0","0","0","0.02378005756","0.00255967037316254","","","","Transfer"
"0xafe4522e143563eeac6f5630cd554049c53230c4e34d86be48109548ea02df62","83042986","1771205995","2026-02-16 10:39:55","0xc8f7787d062a91a5367dde72b35eeb5da807102d","0xc2132d05d31c914a87c6611c10748aeb04b58e8f","","0","0","0","0.03709311592","0.00399267956476334","","","","Transfer"
"0xf88d0f1648f7810e4800aff7e4ce93d9751dd8a3b18c0837953d560975036f5a","83042998","1771206019","2026-02-16 10:40:19","0xc8f7787d062a91a5367dde72b35eeb5da807102d","0x99b7125b5bd6f1e1809c0fce6fbad7364f7478b7","","0","0","0","0.02462993216","0.00265115033821454","","","","Flush Tokens"
"0x3a484e30f9d2784994df7a82d6504bc4a46bd76eebf9716ec5ece5a805566fbc","83043063","1771206149","2026-02-16 10:42:29","0xc8f7787d062a91a5367dde72b35eeb5da807102d","0x542a591e5340acceb37a35ae3297f07778d5922d","","0","0","0","0.02084794379","0.00224405949926645","","","","Flush Tokens"
"0x140afb0a39a6b906f9073f21a69952eeadb8e1e3a74a42805b4d5b648b687edd","83043083","1771206189","2026-02-16 10:43:09","0xc8f7787d062a91a5367dde72b35eeb5da807102d","0x71dce958d6bc5bde65838e90f73a5984f3158cd9","","0","0","0","0.01870603437","0.0020135057224079","","","","Flush Tokens"
"0x2d5867e132650c0496534933acfa3c14298ec9fa587c1cbd70e216fadd8d5e33","83043134","1771206291","2026-02-16 10:44:51","0xc8f7787d062a91a5367dde72b35eeb5da807102d","0xc2132d05d31c914a87c6611c10748aeb04b58e8f","","0","0","0","0.0209466908","0.00225468856504132","","","","Transfer"
"0x28082b90100ea68fcd73aaa0c83a4c32dab79108d610cec71337fec6bfd50f13","83043403","1771206829","2026-02-16 10:53:49","0xc8f7787d062a91a5367dde72b35eeb5da807102d","0x1e09ee17a7a685860fd3e045d65b0aaa0631009d","","0","0","0","0.01009439706","0.00108655452259642","","","","Flush Tokens"
"0xc3f5ec711dba69c18406a17ccddb95297c349e323747c0823073053be57b02d9","83043503","1771207029","2026-02-16 10:57:09","0xc8f7787d062a91a5367dde72b35eeb5da807102d","0xa06a5e43ff72567bcdc1239c0b55ba5d9ed5de96","","0","0","0","0.01031390049","0.00111018173313453","","","","Flush Tokens"
"0xdeb4cade4fe1d0dd4421f77fdccff7ac9054cd38903b6581a73e7e8bd8758b81","83043637","1771207297","2026-02-16 11:01:37","0xc8f7787d062a91a5367dde72b35eeb5da807102d","0xc2132d05d31c914a87c6611c10748aeb04b58e8f","","0","0","0","0.021714581","0.0023373437810694","","","","Transfer"
"0x379bed641399ea9be32faf9072155b54428745164132a5effccdbde61dad89bd","83043811","1771207645","2026-02-16 11:07:25","0xc8f7787d062a91a5367dde72b35eeb5da807102d","0x1be18692f86df7b222cd7fb331a0e9ebc74312c0","","0","0","0","0.01297163847","0.00139625897032667","","","","Flush Tokens"
"0xf34bbf73a4b6c1258af496d6a7b1dfa31baeed401cca317f5d5c2a515d9d2953","83043823","1771207669","2026-02-16 11:07:49","0xc8f7787d062a91a5367dde72b35eeb5da807102d","0x10d560c247d1c1507f1393c9ed392c2aa4216e8d","","0","0","0","0.0141013488","0.00151786027657501","","","","Flush Tokens"
"0x96b8953147802fb4452183e9cb057bab57fa937900b752990090c4b3886a249b","83044213","1771208449","2026-02-16 11:20:49","0xc8f7787d062a91a5367dde72b35eeb5da807102d","0x7a437cbf6cf4c20fa6e3c054b6f99feec7b26d7a","","0","0","0","0.02024669748","0.00217934172628389","","","","Flush Tokens"
"0xa3a11c49e71f3935fec1445f51570c59b3458a7353f724773e3743d1312e0dee","83044246","1771208515","2026-02-16 11:21:55","0xc8f7787d062a91a5367dde72b35eeb5da807102d","0x37778482ce00818356b61ed13e68e2e27f9d0ba3","","0","0","0","0.01785723479","0.00192214147182958","","","","Flush Tokens"
"0x421c92bf09cd991a14f3f1f09c2d3c95342e3d139d6242ecaa342725a05473d8","83044574","1771209171","2026-02-16 11:32:51","0xc8f7787d062a91a5367dde72b35eeb5da807102d","0xc2132d05d31c914a87c6611c10748aeb04b58e8f","","0","0","0","0.03190361664","0.0034340851406309","","","","Transfer"
"0xd31664499c6dc937477603836ceb2cc35f759f57141b255198b26e5b3eb9e0d9","83044701","1771209425","2026-02-16 11:37:05","0xc8f7787d062a91a5367dde72b35eeb5da807102d","0xa3b2b051ec76f2238408ec644b92efa651142d7e","","0","0","0","0.01941644323","0.00208997368331111","","","","Flush Tokens"
